;titulo_propiedad;dormitorios;banhos;area;mantenimiento;antiguedad;estacionamientos;piso;latitud;longitud
;10060;3;2;61;;0;1;;-0;-0
;10061;;;;80;;;;-22;-69
;10062;;;;;;;;-22;-69
;10063;1;1;27;37;5;;;-22;-69
;10064;1;1;28;55;20;;1;-22;-69
;10065;2;;;;;;;-22;-69
;10066;2;2;56;;12;1;14;-22;-69
;10067;2;2;67;80;13;2;11;-22;-69
;10068;;;;80;;;;-22;-69
;10069;;;;65;;;;-22;-69
;10070;;;58;100;;;;-22;-69
;10071;;;;;;;;-22;-69
;10072;;;;;;;;-22;-69
;10073;2;2;51;;2;1;;-22;-69
;10074;2;2;78;60;0;1;;-22;-69
;10075;;;;50;;;;-20;-70
;10076;;;;80;;;;-20;-70
;10077;3;2;80;85;1;1;;-20;-70
;10078;;;;90;;;;-20;-70
;10079;;;;;;;;-20;-70
;10080;;;;35;;;;-20;-70
;10081;;;;15;;;;-20;-70
;10082;3;2;110;160;10;1;18;-20;-70
;10083;3;2;98;;35;1;;-20;-70
;10084;3;2;100;120;0;1;;-20;-70
;10085;;;;;;;;-20;-70
;10086;;;;150;;;;-33;-70
;10087;5;4;110;450;36;2;;-33;-70
;10088;;;;200;;;;-33;-70
;10089;;;;;;;;-33;-70
;10090;4;3;;140;0;;;-33;-70
;10091;;;116;180;;;;-33;-70
;10092;3;;60;130;;;;-33;-70
;10093;2;2;55;85;0;1;2;-33;-70
;10094;3;1;53;;12;1;1;-27;-70
;10095;3;1;54;60;12;1;4;-27;-70
;10096;;;;49;;;;-27;-70
;10097;;;;120;;;;-27;-70
;10098;2;2;;150;13;2;6;-27;-70
;10099;;;;;;;;-27;-70
;10100;;;;180;;;;-18;-70
;10101;;;;60;;;;-27;-70
;10102;2;1;54;;;;;-27;-70
;10103;1;1;31;60;0;1;7;-27;-70
;10104;;;;80;;;;-27;-70
;10105;2;1;;90;;1;1;-27;-70
;10106;2;1;;75;;1;15;-27;-70
;10107;;;;115;;;;-27;-70
;10108;;;;115;;;;-27;-70
;10109;;;;;;;;-18;-70
;10110;4;3;100;120;;1;;-27;-70
;10111;3;1;70;15;;;;-24;-70
;10112;;;;48;;;;-24;-70
;10113;2;1;40;;;;;-24;-70
;10114;4;3;40;;;1;;-24;-70
;10115;;;;35;;;;-24;-70
;10116;2;2;55;;0;1;;-24;-70
;10117;1;1;50;;0;1;;-24;-70
;10118;3;;85;1;;;;-24;-70
;10119;3;1;68;60;;1;;-24;-70
;10120;3;1;64;35;0;1;2;-24;-70
;10121;;;;70;;;;-24;-70
;10122;3;1;70;100;0;1;;-24;-70
;10123;;;;50;;;;-24;-70
;10124;;;;35;;;;-24;-70
;10125;;;;60;;;;-24;-70
;10126;3;2;76;70;22;1;5;-24;-70
;10127;;;;;;;;-24;-70
;10128;;;;;;;;-24;-70
;10129;;;60;40;;;;-24;-70
;10130;3;2;75;;24;1;14;-24;-70
;10131;;;;43;;;;-24;-70
;10132;3;1;60;40;;1;;-24;-70
;10133;;;;;;;;-24;-70
;10134;3;1;60;48;10;1;5;-24;-70
;10135;3;2;;75;12;;;-24;-70
;10136;;;;48;;;;-24;-70
;10137;3;;9;;;;;-24;-70
;10138;3;2;;;;;;-24;-70
;10139;2;1;43;1;7;1;27;-24;-70
;10140;3;2;78;120;9;1;;-24;-70
;10141;;;;80;;;;-24;-70
;10142;;;;;;;;-24;-70
;10143;;;;;;;;-24;-70
;10144;1;1;;60;7;1;307;-24;-70
;10145;3;2;80;65;;;;-24;-70
;10146;;;;40;;;;-24;-70
;10147;;;;97;;;;-24;-70
;10148;1;1;45;20;;1;;-24;-70
;10149;;;;45;;;;-24;-70
;10150;3;2;85;;;1;;-24;-70
;10151;3;2;90;85;0;1;17;-24;-70
;10152;;;42;65;;;;-24;-70
;10153;;;;70;;;;-24;-70
;10154;2;1;47;38;15;1;3;-24;-70
;10155;3;;108;110;;;;-24;-70
;10156;2;;46;60;;;;-24;-70
;10157;;;;;;;;-24;-70
;10158;;;62;55;;;;-24;-70
;10159;;;;1;;;;-24;-70
;10160;2;1;40;;8;1;20;-24;-70
;10161;2;1;43;;;;;-24;-70
;10162;2;1;41;65;5;1;;-24;-70
;10163;3;2;89;70;10;1;8;-24;-70
;10164;2;1;50;;;1;;-24;-70
;10165;3;1;60;32;10;1;2;-24;-70
;10166;;;;81;;;;-24;-70
;10167;2;1;50;;0;1;;-24;-70
;10168;2;1;50;45;;1;;-24;-70
;10169;3;1;56;;;;;-24;-70
;10170;2;1;64;;0;;;-24;-70
;10171;3;2;80;90;10;1;2;-24;-70
;10172;;;;90;;;;-24;-70
;10173;3;2;80;59;;1;20;-24;-70
;10174;;;;25;;;;-24;-70
;10175;3;2;65;43;;;;-24;-70
;10176;;;;40;;;;-24;-70
;10177;;;;40;;;;-24;-70
;10178;1;1;43;50;0;1;4;-24;-70
;10179;;;;;;;;-24;-70
;10180;1;1;;;7;1;5;-24;-70
;10181;;;;;;;;-24;-70
;10182;;;86;100;;;;-24;-70
;10183;3;;92;100;;;;-24;-70
;10184;;;;;;;;-24;-70
;10185;3;2;90;130;0;1;4;-24;-70
;10186;3;2;103;;11;1;3;-24;-70
;10187;;;;95;;;;-24;-70
;10188;1;1;34;1;;;;-24;-70
;10189;2;2;56;63;10;1;;-24;-70
;10190;3;2;;70;10;1;5;-24;-70
;10191;3;2;;;;1;;-24;-70
;10192;3;2;69;;;1;;-24;-70
;10193;1;1;33;65;0;1;8;-24;-70
;10194;;;;55;;;;-24;-70
;10195;;;;100;;;;-24;-70
;10196;2;2;60;100;;1;17;-24;-70
;10197;3;2;60;1;4;1;3;-24;-70
;10198;3;2;79;100;0;1;2;-24;-70
;10199;;;;100;;;;-24;-70
;10200;1;1;43;;0;1;12;-24;-70
;10201;;;;60;;;;-24;-70
;10202;3;2;86;1;3;1;;-24;-70
;10203;1;;35;140;;;;-24;-70
;10204;2;1;64;;10;1;17;-24;-70
;10205;3;2;100;;;1;;-24;-70
;10206;2;1;60;;;1;;-24;-70
;10207;2;1;65;;;;;-24;-70
;10208;1;1;;100;0;1;12;-24;-70
;10209;;;;;;;;-24;-70
;10210;3;2;100;;0;1;;-24;-70
;10211;;;;;;;;-24;-70
;10212;3;3;70;100;15;1;9;-24;-70
;10213;;;;100;;;;-24;-70
;10214;3;2;85;;;1;10;-24;-70
;10215;2;2;;70;5;1;18;-24;-70
;10216;;;;55;;;;-24;-70
;10217;2;1;60;40;3;;;-24;-70
;10218;3;1;55;55;10;1;1;-24;-70
;10219;1;1;40;95;4;;;-24;-70
;10220;2;2;61;40;9;1;6;-24;-70
;10221;2;2;89;60;;1;;-24;-70
;10222;3;2;100;;0;2;;-24;-70
;10223;3;;95;10;;;;-24;-70
;10224;2;2;58;58;0;1;6;-24;-70
;10225;2;2;73;100;20;1;12;-24;-70
;10226;1;1;50;;0;1;25;-24;-70
;10227;2;2;84;;;1;;-24;-70
;10228;1;1;40;;0;1;;-24;-70
;10229;;;122;200;;;;-24;-70
;10230;3;2;80;90;;1;;-24;-70
;10231;2;1;43;50;0;;16;-24;-70
;10232;1;;65;1;;;;-24;-70
;10233;;;;;;;;-24;-70
;10234;;;;;;;;-24;-70
;10235;3;2;;120;23;1;;-24;-70
;10236;3;2;125;;;1;;-24;-70
;10237;2;2;87;120;;1;3;-24;-70
;10238;3;3;121;;0;1;27;-24;-70
;10239;1;;49;80;;;;-24;-70
;10240;;;;54;;;;-24;-70
;10241;;;;100;;;;-24;-70
;10242;3;3;146;180;10;2;15;-24;-70
;10243;3;2;95;122;20;1;11;-24;-70
;10244;3;2;94;;6;1;;-24;-70
;10245;3;2;115;95;;2;5;-24;-70
;10246;3;2;105;90;;1;;-24;-70
;10247;3;2;93;125;;1;;-24;-70
;10248;;;;250;;;;-24;-70
;10249;;;;;;;;-24;-70
;10250;1;;35;58;;;;-24;-70
;10251;3;3;128;120;35;1;9;-24;-70
;10252;3;2;110;165;0;1;;-24;-70
;10253;2;2;;;;;;-24;-70
;10254;;;;;;;;-24;-70
;10255;;;;68;;;;-24;-70
;10256;;;;120;;;;-24;-70
;10257;1;1;38;80;14;1;5;-24;-70
;10258;1;1;57;75;0;1;;-24;-70
;10259;3;2;90;60;20;1;9;-24;-70
;10260;2;1;55;85;0;1;3;-24;-70
;10261;2;2;84;80;;1;;-24;-70
;10262;2;2;69;;;1;8;-24;-70
;10263;3;2;98;150;;2;5;-24;-70
;10264;4;4;123;140;6;1;19;-24;-70
;10265;3;2;98;130;;1;17;-24;-70
;10266;3;3;120;;18;1;2;-24;-70
;10267;;;;120;;;;-24;-70
;10268;;;;210;;;;-24;-70
;10269;;;;130;;;;-24;-70
;10270;;;;120;;;;-24;-70
;10271;4;4;164;;0;2;;-24;-70
;10272;3;2;120;30;29;1;2;-24;-70
;10273;;;;90;;;;-24;-70
;10274;3;2;84;120;16;1;;-24;-70
;10275;3;2;100;;;;;-24;-70
;10276;3;2;95;90;13;1;;-24;-70
;10277;3;2;123;180;;1;;-24;-70
;10278;2;2;70;80;10;1;100;-24;-70
;10279;3;3;119;;;1;;-24;-70
;10280;;;;;;;;-24;-70
;10281;3;2;113;;3;2;5;-24;-70
;10282;1;1;40;50;0;;;-24;-70
;10283;4;2;150;;10;1;4;-24;-70
;10284;4;3;115;;;;;-24;-70
;10285;;;500;3;;;;-33;-70
;10286;;;;900;;;;-33;-70
;10287;;;;;;;;-33;-70
;10288;;;;950;;;;-33;-70
;10289;;;;2;;;;-33;-70
;10290;;;;920;;;;-33;-70
;10291;3;2;83;110;29;1;;-33;-70
;10292;4;6;239;750;9;2;5;-33;-70
;10293;3;2;65;90;;1;1;-33;-70
;10294;2;2;70;110;36;1;3;-33;-70
;10295;2;3;110;300;0;1;;-33;-70
;10296;;;;120;;;;-33;-70
;10297;;;;650;;;;-33;-70
;10298;3;3;108;240;20;1;2;-33;-70
;10299;2;3;130;260;0;1;;-33;-70
;10300;;;;200;;;;-33;-70
;10301;;;;220;;;;-33;-70
;10302;4;;113;90;;;;-33;-71
;10303;;;;1;;;;-33;-71
;10304;3;3;80;200;0;2;2;-33;-71
;10305;;;;155;;;;-33;-71
;10306;;;;220;;;;-33;-71
;10307;3;;300;2;;;;-33;-71
;10308;;;;400;;;;-33;-71
;10309;4;4;221;550;0;3;5;-33;-71
;10310;;;;250;;;;-33;-71
;10311;2;2;73;180;12;1;2;-33;-71
;10312;3;3;;465;0;3;3;-33;-71
;10313;1;1;60;110;0;2;;-33;-71
;10314;2;2;8;180;8;1;8;-33;-71
;10315;;;;390;;;;-33;-71
;10316;;;;500;;;;-33;-71
;10317;;;;300;;;;-33;-71
;10318;2;3;130;390;2;2;;-33;-71
;10319;;;;180;;;;-33;-71
;10320;;;;350;;;;-33;-71
;10321;;;;1;;;;-33;-71
;10322;4;3;;350;13;2;;-33;-71
;10323;;;;260;;;;-33;-71
;10324;;;;1;;;;-33;-71
;10325;;;;270;;;;-33;-71
;10326;;;;270;;;;-33;-71
;10327;;;;220;;;;-33;-71
;10328;;;;250;;;;-33;-71
;10329;;;;140;;;;-33;-71
;10330;;;;160;;;;-33;-71
;10331;;;;270;;;;-33;-71
;10332;3;3;131;240;7;2;12;-33;-71
;10333;;;;230;;;;-33;-71
;10334;4;4;140;280;27;2;2;-33;-71
;10335;;;;350;;;;-33;-71
;10336;;;;250;;;;-33;-71
;10337;;;;;;;;-33;-71
;10338;;;;600;;;;-33;-71
;10339;;;;210;;;;-33;-71
;10340;;;;350;;;;-33;-71
;10341;;;;400;;;;-33;-71
;10342;;;;300;;;;-33;-71
;10343;;;;335;;;;-33;-71
;10344;3;2;123;;;2;;-33;-71
;10345;3;3;120;480;10;2;1;-33;-71
;10346;;;;;;;;-33;-71
;10347;;;;150;;;;-33;-71
;10348;3;2;100;130;20;2;1;-33;-71
;10349;4;4;140;280;28;2;1;-33;-71
;10350;;;;270;;;;-33;-71
;10351;;;;280;;;;-33;-71
;10352;4;4;222;580;26;5;1;-33;-71
;10353;;;;580;;;;-33;-71
;10354;3;;140;250;;;;-33;-71
;10355;;;;260;;;;-33;-71
;10356;;;;300;;;;-33;-71
;10357;;;;150;;;;-33;-71
;10358;4;4;140;180;0;2;;-33;-71
;10359;4;;150;200;;;;-33;-71
;10360;;;86;182;;;;-33;-71
;10361;;;;170;;;;-33;-71
;10362;2;2;105;220;5;1;3;-33;-71
;10363;;;;250;;;;-33;-71
;10364;;;;140;;;;-33;-71
;10365;3;3;140;240;5;2;3;-33;-71
;10366;;;;250;;;;-33;-71
;10367;;;;220;;;;-33;-71
;10368;;;;;;;;-33;-71
;10369;;;;250;;;;-33;-71
;10370;2;;71;250;;;;-33;-71
;10371;;;;420;;;;-33;-71
;10372;3;3;155;300;;2;;-33;-71
;10373;2;;130;;;;;-33;-71
;10374;;;;300;;;;-33;-71
;10375;;;;300;;;;-33;-71
;10376;3;3;135;280;0;2;8;-33;-71
;10377;;;;150;;;;-33;-71
;10378;2;;140;;;;;-33;-71
;10379;;;;;;;;-33;-71
;10380;;;;165;;;;-33;-71
;10381;;;;120;;;;-33;-71
;10382;3;2;150;;;;;-33;-71
;10383;;;;350;;;;-33;-71
;10384;;;;300;;;;-33;-71
;10385;;;;115;;;;-33;-71
;10386;5;6;344;1;;3;;-33;-71
;10387;;;;;;;;-33;-71
;10388;;;;250;;;;-33;-71
;10389;;;;150;;;;-33;-71
;10390;;;;130;;;;-33;-71
;10391;3;;140;290;;;;-33;-71
;10392;4;4;140;120;20;2;2;-33;-71
;10393;2;2;80;190;14;1;;-33;-71
;10394;2;2;;240;0;2;;-33;-71
;10395;;;;;;;;-33;-71
;10396;;;;150;;;;-33;-71
;10397;;;;225;;;;-33;-71
;10398;;;;225;;;;-33;-71
;10399;;;;290;;;;-33;-71
;10400;;;;;;;;-33;-71
;10401;;;;500;;;;-33;-71
;10402;4;5;250;500;1;2;;-33;-71
;10403;2;;111;400;;;;-33;-71
;10404;3;3;;250;7;2;;-33;-71
;10405;;;;450;;;;-33;-71
;10406;3;3;263;850;25;2;;-33;-71
;10407;2;3;220;280;6;2;;-33;-71
;10408;3;3;125;300;4;2;;-33;-71
;10409;;;;230;;;;-33;-71
;10410;;;;220;;;;-33;-71
;10411;3;4;148;;3;3;;-33;-71
;10412;;;;450;;;;-33;-71
;10413;;;129;400;;;;-33;-71
;10414;;;;500;;;;-33;-71
;10415;;;;310;;;;-33;-71
;10416;;;;450;;;;-33;-71
;10417;;;;;;;;-33;-71
;10418;;;;500;;;;-33;-71
;10419;;;;250;;;;-33;-71
;10420;;;;378;;;;-33;-71
;10421;;;;300;;;;-33;-71
;10422;;;;250;;;;-33;-71
;10423;3;3;100;400;0;2;8;-33;-71
;10424;3;3;;320;9;2;;-33;-71
;10425;;;;;;;;-33;-71
;10426;;;;360;;;;-33;-71
;10427;2;2;62;200;1;;2;-33;-71
;10428;2;2;62;200;1;;2;-33;-71
;10429;5;4;160;280;3;2;;-33;-71
;10430;;;166;200;;;;-33;-71
;10431;4;4;140;350;5;2;;-33;-71
;10432;3;3;138;;1;2;1;-33;-71
;10433;;;;900;;;;-33;-71
;10434;2;2;100;180;3;2;2;-33;-71
;10435;4;3;135;350;3;2;4;-33;-71
;10436;;;;250;;;;-33;-71
;10437;;;;215;;;;-33;-71
;10438;3;2;96;220;3;2;4;-33;-71
;10439;;;;280;;;;-33;-71
;10440;;;;300;;;;-33;-71
;10441;;;;360;;;;-33;-71
;10442;4;4;155;300;0;2;1;-33;-71
;10443;4;4;140;300;;;;-33;-71
;10444;;;;300;;;;-33;-71
;10445;;;;300;;;;-33;-71
;10446;;;;350;;;;-33;-71
;10447;;;;250;;;;-33;-71
;10448;;;;250;;;;-33;-71
;10449;4;5;365;700;;;;-33;-71
;10450;;;;202;;;;-33;-71
;10451;;;;440;;;;-33;-71
;10452;;;119;400;;;;-33;-71
;10453;;;;;;;;-33;-71
;10454;3;4;160;320;4;2;;-33;-71
;10455;;;;340;;;;-33;-71
;10456;5;6;463;;;4;;-33;-71
;10457;3;4;132;180;9;2;;-33;-71
;10458;6;7;463;700;3;4;;-33;-71
;10459;;;;250;;;;-33;-71
;10460;4;4;140;350;6;2;;-33;-71
;10461;;;;550;;;;-33;-71
;10462;4;;300;1;;;;-33;-71
;10463;;;;270;;;;-33;-71
;10464;;;;2;;;;-33;-71
;10465;;;;270;;;;-33;-71
;10466;3;;132;260;;;;-33;-71
;10467;;;;350;;;;-33;-71
;10468;;;;350;;;;-33;-71
;10469;3;3;125;;;2;;-33;-71
;10470;;;;450;;;;-33;-71
;10471;;;;350;;;;-33;-71
;10472;;;;380;;;;-33;-71
;10473;;;;650;;;;-33;-71
;10474;3;3;92;280;12;2;4;-33;-71
;10475;;;;350;;;;-33;-71
;10476;;;;270;;;;-33;-71
;10477;3;3;120;232;11;2;3;-33;-71
;10478;;;;190;;;;-33;-71
;10479;2;2;120;400;4;1;1;-33;-71
;10480;;;;350;;;;-33;-71
;10481;;;140;380;;;;-33;-71
;10482;;;;390;;;;-33;-71
;10483;3;2;140;450;4;3;;-33;-71
;10484;;;;;;;;-33;-71
;10485;;;;320;;;;-33;-71
;10486;3;4;150;300;5;2;11;-33;-71
;10487;;;344;1;;;;-33;-71
;10488;;;;;;;;-33;-71
;10489;3;4;270;;0;;;-33;-71
;10490;;;;;;;;-33;-71
;10491;;;;150;;;;-33;-71
;10492;;;;350;;;;-33;-71
;10493;;;;380;;;;-33;-71
;10494;;;;80;;;;-34;-71
;10495;3;;326;2;;;;-33;-71
;10496;;;;280;;;;-33;-71
;10497;2;3;117;280;;2;;-33;-71
;10498;;;;15;;;;-33;-71
;10499;3;2;80;100;10;1;2;-34;-71
;10500;;;;100;;;;-34;-71
;10501;1;;184;;;;;-33;-71
;10502;;;;250;;;;-33;-71
;10503;3;3;280;1;21;4;;-33;-71
;10504;3;2;139;500;25;2;4;-33;-71
;10505;4;3;140;330;30;2;4;-33;-71
;10506;2;2;63;220;0;1;;-33;-71
;10507;4;3;170;590;16;2;4;-33;-71
;10508;;;;315;;;;-33;-71
;10509;5;5;232;;5;4;;-33;-71
;10510;;;;160;;;;-33;-71
;10511;1;2;100;350;17;1;2;-33;-71
;10512;;;;280;;;;-33;-71
;10513;4;4;170;580;17;2;4;-33;-71
;10514;4;;175;600;;;;-33;-71
;10515;3;4;180;600;16;3;4;-33;-71
;10516;;;;100;;;;-34;-71
;10517;4;;136;190;;;;-33;-71
;10518;4;;160;190;;;;-33;-71
;10519;;;;100;;;;-34;-71
;10520;3;2;80;130;0;2;;-34;-71
;10521;;;;135;;;;-34;-71
;10522;3;3;183;600;15;4;3;-33;-71
;10523;;;;600;;;;-33;-71
;10524;;;;400;;;;-33;-71
;10525;;;;270;;;;-33;-71
;10526;;;;;;;;-33;-71
;10527;3;2;83;88;11;1;4;-24;-71
;10528;;;;;;;;-33;-71
;10529;;;;100;;;;-33;-71
;10530;;;160;200;;;;-33;-71
;10531;;;;350;;;;-33;-71
;10532;;;;80;;;;-33;-71
;10533;;;;85;;;;-33;-71
;10534;;;;200;;;;-33;-71
;10535;3;2;98;240;;;;-33;-71
;10536;;;;300;;;;-33;-71
;10537;;;;220;;;;-33;-71
;10538;;;;600;;;;-33;-71
;10539;4;3;220;650;;3;;-33;-71
;10540;;;;900;;;;-33;-71
;10541;;;;250;;;;-33;-71
;10542;;;;150;;;;-33;-71
;10543;;;;;;;;-33;-71
;10544;;;;1;;;;-33;-71
;10545;4;3;402;1;20;2;1;-33;-71
;10546;4;3;360;1;;2;;-33;-71
;10547;;;;170;;;;-33;-71
;10548;;;;290;;;;-33;-71
;10549;4;3;;150;40;1;;-33;-71
;10550;;;;450;;;;-33;-71
;10551;;;;130;;;;-33;-71
;10552;;;;1;;;;-33;-71
;10553;3;;118;120;;;;-33;-71
;10554;5;;180;400;;;;-33;-71
;10555;;;;370;;;;-33;-71
;10556;;;;390;;;;-33;-71
;10557;;;;325;;;;-33;-71
;10558;;;;360;;;;-33;-71
;10559;4;3;129;230;22;2;12;-33;-71
;10560;;;;700;;;;-33;-71
;10561;3;;278;800;;;;-33;-71
;10562;4;4;205;;28;3;;-33;-71
;10563;;;;500;;;;-33;-71
;10564;;;;80;;;;-33;-71
;10565;;;;330;;;;-33;-71
;10566;2;2;75;68;45;1;;-33;-71
;10567;;;;80;;;;-33;-71
;10568;;;;300;;;;-33;-71
;10569;3;;80;89;;;;-33;-71
;10570;;;;160;;;;-33;-71
;10571;3;2;1;250;10;2;6;-33;-71
;10572;;;;500;;;;-33;-71
;10573;;;;250;;;;-33;-71
;10574;3;2;100;183;8;1;3;-33;-71
;10575;;;;140;;;;-33;-71
;10576;;;;250;;;;-33;-71
;10577;;;;140;;;;-33;-71
;10578;;;;72;;;;-33;-71
;10579;;;;300;;;;-33;-71
;10580;4;2;62;5;30;;1;-33;-71
;10581;;;;100;;;;-33;-71
;10582;3;4;218;500;;2;;-33;-71
;10583;;;;;;;;-33;-71
;10584;1;1;36;110;8;1;1;-33;-71
;10585;3;2;83;70;;;;-33;-71
;10586;;;;60;;;;-34;-71
;10587;3;;63;60;;;;-34;-71
;10588;;;;200;;;;-33;-71
;10589;;;;62;;;;-34;-71
;10590;;;;55;;;;-34;-71
;10591;;;;50;;;;-33;-71
;10592;;;;1;;;;-33;-71
;10593;;;;100;;;;-33;-71
;10594;2;2;42;130;2;1;;-33;-71
;10595;3;2;75;80;9;1;;-34;-71
;10596;;;;250;;;;-33;-71
;10597;3;1;60;15;;2;;-33;-71
;10598;2;;;75;;;;-34;-71
;10599;;;;;;;;-33;-71
;10600;;;;330;;;;-33;-71
;10601;;;;;;;;-33;-71
;10602;3;2;72;150;;1;2;-33;-71
;10603;;;;115;;;;-33;-71
;10604;2;2;70;190;;1;13;-33;-71
;10605;3;2;108;230;28;2;10;-33;-71
;10606;4;3;140;;25;1;2;-33;-71
;10607;;;72;180;;;;-33;-71
;10608;3;;123;250;;;;-33;-71
;10609;2;2;85;180;15;1;8;-33;-71
;10610;3;4;264;700;17;3;;-33;-71
;10611;1;1;36;110;4;1;5;-33;-71
;10612;;;;160;;;;-33;-71
;10613;2;2;56;250;6;2;;-33;-71
;10614;;;;;;;;-33;-71
;10615;;;;;;;;-33;-71
;10616;2;2;56;100;19;1;;-34;-71
;10617;;;;150;;;;-33;-71
;10618;2;2;4;50;12;1;3;-34;-71
;10619;;;41;;;;;-33;-71
;10620;1;1;29;;-1;1;;-33;-71
;10621;;;;90;;;;-34;-71
;10622;2;2;55;110;5;1;3;-34;-71
;10623;;;;130;;;;-34;-71
;10624;;;;53;;;;-34;-71
;10625;;;;950;;;;-33;-71
;10626;;;;72;;;;-34;-71
;10627;;;;140;;;;-33;-71
;10628;;;;;;;;-33;-71
;10629;1;1;44;140;20;1;7;-33;-71
;10630;;;;;;;;-33;-71
;10631;;;;150;;;;-33;-71
;10632;;;;200;;;;-33;-71
;10633;;;;350;;;;-33;-71
;10634;;;;150;;;;-33;-71
;10635;4;;147;450;;;;-33;-71
;10636;2;2;61;110;10;1;;-34;-71
;10637;;;;230;;;;-33;-71
;10638;;;;130;;;;-33;-71
;10639;;;;380;;;;-33;-71
;10640;;;;200;;;;-33;-71
;10641;;;;230;;;;-33;-71
;10642;;;;220;;;;-33;-71
;10643;;;;250;;;;-33;-71
;10644;3;2;90;190;1;;3;-33;-71
;10645;;;;210;;;;-33;-71
;10646;;;;240;;;;-33;-71
;10647;;;;280;;;;-33;-71
;10648;;;;100;;;;-33;-71
;10649;4;3;110;150;10;1;3;-33;-71
;10650;;;;900;;;;-33;-71
;10651;;;;;;;;-33;-71
;10652;;;;;;;;-34;-71
;10653;3;2;71;230;20;1;;-33;-71
;10654;;;;130;;;;-33;-71
;10655;3;3;81;180;30;1;202;-33;-71
;10656;4;4;270;800;12;2;;-33;-71
;10657;;;;195;;;;-33;-71
;10658;;;;560;;;;-33;-71
;10659;;;;250;;;;-33;-71
;10660;;;;120;;;;-34;-71
;10661;3;3;195;400;21;1;2;-33;-71
;10662;4;;128;;;;;-33;-71
;10663;;;;40;;;;-33;-71
;10664;;;;80;;;;-34;-71
;10665;3;3;140;250;32;2;;-33;-71
;10666;;;;160;;;;-33;-71
;10667;;;;450;;;;-33;-71
;10668;;;;220;;;;-33;-71
;10669;2;2;87;111;29;1;11;-33;-71
;10670;;;155;280;;;;-33;-71
;10671;;;;190;;;;-33;-71
;10672;;;;;;;;-34;-71
;10673;;;;135;;;;-34;-71
;10674;;;;100;;;;-34;-71
;10675;3;2;86;180;0;1;;-33;-71
;10676;;;;190;;;;-33;-71
;10677;;;;300;;;;-33;-71
;10678;;;;60;;;;-34;-71
;10679;2;2;63;260;18;1;6;-33;-71
;10680;3;1;57;80;45;1;;-33;-71
;10681;2;3;138;400;24;2;;-33;-71
;10682;2;2;61;200;20;1;;-33;-71
;10683;1;1;36;130;0;1;;-33;-71
;10684;;;56;180;;;;-33;-71
;10685;;;;240;;;;-33;-71
;10686;;;;130;;;;-33;-71
;10687;4;;105;240;;;;-33;-71
;10688;;;;250;;;;-33;-71
;10689;;;;180;;;;-33;-71
;10690;4;3;120;250;0;;;-33;-71
;10691;;;;114;;;;-33;-71
;10692;3;4;142;400;10;2;8;-33;-71
;10693;;;;350;;;;-33;-71
;10694;3;3;93;;2;1;3;-33;-71
;10695;4;3;118;300;9;1;3;-33;-71
;10696;2;3;73;160;4;1;;-33;-71
;10697;;;;115;;;;-33;-71
;10698;;;;280;;;;-33;-71
;10699;2;2;57;140;5;1;7;-33;-71
;10700;3;3;114;500;;;;-33;-71
;10701;;;;220;;;;-33;-71
;10702;;;;180;;;;-33;-71
;10703;3;3;122;110;40;1;1;-33;-71
;10704;;;;300;;;;-33;-71
;10705;1;1;39;100;;1;;-33;-71
;10706;;;;140;;;;-33;-71
;10707;;;;100;;;;-33;-71
;10708;4;4;140;310;26;2;16;-33;-71
;10709;;;;;;;;-33;-71
;10710;;;;260;;;;-33;-71
;10711;2;2;59;130;4;1;7;-33;-71
;10712;;;;175;;;;-33;-71
;10713;3;3;99;340;8;1;4;-33;-71
;10714;;;;140;;;;-34;-71
;10715;;;;130;;;;-33;-71
;10716;;;;150;;;;-33;-71
;10717;1;1;35;70;10;;;-33;-71
;10718;;;;150;;;;-33;-71
;10719;;;;120;;;;-33;-71
;10720;3;2;106;320;11;1;16;-33;-71
;10721;;;;290;;;;-33;-71
;10722;;;140;290;;;;-33;-71
;10723;;;;155;;;;-33;-71
;10724;;;;155;;;;-33;-71
;10725;;;;230;;;;-33;-71
;10726;;;;180;;;;-33;-71
;10727;2;2;78;250;10;1;6;-33;-71
;10728;;;;360;;;;-33;-71
;10729;3;2;95;238;7;2;14;-33;-71
;10730;;;;240;;;;-33;-71
;10731;2;2;54;125;7;1;18;-33;-71
;10732;2;2;54;125;7;1;18;-33;-71
;10733;2;;82;185;;;;-33;-71
;10734;3;;103;205;;;;-33;-71
;10735;;;;70;;;;-33;-71
;10736;3;2;88;120;7;1;1;-34;-71
;10737;;;;250;;;;-33;-71
;10738;;;;195;;;;-33;-71
;10739;;;;330;;;;-33;-71
;10740;3;2;107;;11;2;13;-33;-71
;10741;;;;230;;;;-33;-71
;10742;;;;280;;;;-33;-71
;10743;;;;1;;;;-33;-71
;10744;3;3;127;250;10;1;5;-33;-71
;10745;;;;250;;;;-33;-71
;10746;;;;110;;;;-33;-71
;10747;;;;115;;;;-33;-71
;10748;4;4;95;169;6;2;;-33;-71
;10749;4;4;93;250;4;2;9;-33;-71
;10750;;;;200;;;;-33;-71
;10751;;;;60;;;;-33;-71
;10752;;;;;;;;-33;-71
;10753;;;;50;;;;-33;-71
;10754;2;2;73;125;5;1;1;-33;-71
;10755;;;;230;;;;-33;-71
;10756;;;;250;;;;-33;-71
;10757;4;3;121;330;17;2;;-33;-71
;10758;;;;280;;;;-33;-71
;10759;;;;230;;;;-33;-71
;10760;;;;270;;;;-33;-71
;10761;4;3;155;;15;2;5;-33;-71
;10762;;;;110;;;;-33;-71
;10763;;;;250;;;;-33;-71
;10764;;;;280;;;;-33;-71
;10765;;;;;;;;-34;-71
;10766;;;;250;;;;-33;-71
;10767;;;;200;;;;-33;-71
;10768;;;;4;;;;-33;-71
;10769;;;;;;;;-33;-71
;10770;2;;78;200;;;;-33;-71
;10771;;;;200;;;;-33;-71
;10772;;;;100;;;;-33;-71
;10773;;;;150;;;;-33;-71
;10774;;;;260;;;;-33;-71
;10775;;;;250;;;;-33;-71
;10776;;;;250;;;;-33;-71
;10777;3;;94;120;;;;-33;-71
;10778;4;;110;250;;;;-33;-71
;10779;2;1;48;;35;1;3;-34;-71
;10780;4;3;150;300;2;3;;-33;-71
;10781;4;3;140;230;31;1;5;-33;-71
;10782;;;;250;;;;-33;-71
;10783;;;;200;;;;-33;-71
;10784;;;;;;;;-33;-71
;10785;3;2;92;121;26;1;9;-33;-71
;10786;;;;210;;;;-33;-71
;10787;;;;240;;;;-33;-71
;10788;2;;68;200;;;;-33;-71
;10789;2;2;74;;2;;2;-33;-71
;10790;3;2;115;;2;;9;-33;-71
;10791;;;;180;;;;-33;-71
;10792;3;3;197;390;0;2;5;-33;-71
;10793;;;;150;;;;-33;-71
;10794;2;2;77;110;;;;-33;-71
;10795;;;;;;;;-34;-71
;10796;;;;200;;;;-33;-71
;10797;;;;200;;;;-33;-71
;10798;;;;4;;;;-33;-71
;10799;1;1;40;85;2;1;8;-33;-71
;10800;;;;45;;;;-34;-71
;10801;2;2;67;130;7;1;18;-33;-71
;10802;;;;190;;;;-33;-71
;10803;;;93;;;;;-33;-71
;10804;;;;;;;;-33;-71
;10805;;;;130;;;;-33;-71
;10806;;;;180;;;;-33;-71
;10807;3;2;;140;39;1;10;-33;-71
;10808;;;;180;;;;-33;-71
;10809;;;;400;;;;-33;-71
;10810;;;;90;;;;-33;-71
;10811;;;;25;;;;-34;-71
;10812;;;;110;;;;-33;-71
;10813;3;;90;200;;;;-33;-71
;10814;;;;150;;;;-33;-71
;10815;;;75;85;;;;-33;-71
;10816;;;;250;;;;-33;-71
;10817;2;2;72;90;14;1;4;-33;-71
;10818;;;;90;;;;-33;-71
;10819;;;;180;;;;-33;-71
;10820;;;;180;;;;-33;-71
;10821;3;2;90;150;0;1;10;-33;-71
;10822;;;;150;;;;-33;-71
;10823;;;;160;;;;-33;-71
;10824;4;3;121;320;26;2;;-33;-71
;10825;2;;65;120;;;;-33;-71
;10826;;;;150;;;;-33;-71
;10827;;;;190;;;;-33;-71
;10828;1;1;30;100;20;1;8;-33;-71
;10829;;;;95;;;;-33;-71
;10830;;;47;100;;;;-33;-71
;10831;1;1;47;100;10;1;14;-33;-71
;10832;5;4;;300;30;1;;-33;-71
;10833;;;;150;;;;-33;-71
;10834;;;;260;;;;-33;-71
;10835;2;2;59;130;11;1;7;-33;-71
;10836;3;3;122;380;29;2;6;-33;-71
;10837;1;1;38;85;9;1;;-33;-71
;10838;;;;200;;;;-33;-71
;10839;;;;110;;;;-33;-71
;10840;;;;180;;;;-33;-71
;10841;;;;160;;;;-33;-71
;10842;;;;150;;;;-33;-71
;10843;;;;;;;;-34;-71
;10844;3;3;143;200;8;3;;-33;-71
;10845;4;3;130;280;26;2;;-33;-71
;10846;3;2;81;240;5;1;5;-33;-71
;10847;;;;230;;;;-33;-71
;10848;;;;230;;;;-33;-71
;10849;;;;180;;;;-33;-71
;10850;3;2;122;320;16;1;3;-33;-71
;10851;;;;2;;;;-33;-71
;10852;1;1;50;105;;;;-33;-71
;10853;5;4;;15;32;2;;-33;-71
;10854;3;2;120;220;29;1;3;-33;-71
;10855;;;;250;;;;-33;-71
;10856;;;;250;;;;-33;-71
;10857;;;;350;;;;-33;-71
;10858;;;;;;;;-33;-71
;10859;;;;;;;;-33;-71
;10860;;;;130;;;;-33;-71
;10861;;;210;700;;;;-33;-71
;10862;;;;270;;;;-33;-71
;10863;;;;100;;;;-33;-71
;10864;3;3;117;400;;;;-33;-71
;10865;;;;260;;;;-33;-71
;10866;;;;80;;;;-33;-71
;10867;3;3;115;260;32;1;2;-33;-71
;10868;3;2;120;;5;2;2;-33;-71
;10869;2;;50;100;;;;-33;-71
;10870;;;;100;;;;-33;-71
;10871;4;4;140;300;31;2;3;-33;-71
;10872;;;;65;;;;-33;-71
;10873;;;;4;;;;-33;-71
;10874;3;;138;300;;;;-33;-71
;10875;1;;75;150;;;;-33;-71
;10876;2;2;50;90;0;;10;-33;-71
;10877;1;;38;100;;;;-33;-71
;10878;;;;;;;;-33;-71
;10879;;;;;;;;-33;-71
;10880;;;;130;;;;-34;-71
;10881;;;;250;;;;-33;-71
;10882;;;;65;;;;-33;-71
;10883;;;;375;;;;-33;-71
;10884;;;320;900;;;;-33;-71
;10885;;;;120;;;;-33;-71
;10886;;;;80;;;;-34;-71
;10887;2;1;55;65;8;1;6;-34;-71
;10888;;;;150;;;;-33;-71
;10889;2;;65;115;;;;-33;-71
;10890;2;2;43;100;4;1;4;-33;-71
;10891;;;;1;;;;-33;-71
;10892;;;;350;;;;-33;-71
;10893;2;2;75;150;;1;;-33;-71
;10894;;;;45;;;;-33;-71
;10895;1;;35;95;;;;-33;-71
;10896;;;;100;;;;-33;-71
;10897;2;2;70;135;11;1;8;-33;-71
;10898;;;;322;;;;-33;-71
;10899;;;;80;;;;-33;-71
;10900;1;1;45;80;17;1;8;-33;-71
;10901;;;;160;;;;-33;-71
;10902;;;;14;;;;-33;-71
;10903;;;;350;;;;-33;-71
;10904;;;;550;;;;-33;-71
;10905;;;;120;;;;-33;-71
;10906;;;;90;;;;-33;-71
;10907;;;;320;;;;-33;-71
;10908;;;;90;;;;-34;-71
;10909;;;;60;;;;-33;-71
;10910;;;;150;;;;-33;-71
;10911;;;;400;;;;-33;-71
;10912;3;2;72;40;60;;4;-33;-71
;10913;3;;;200;;;;-33;-71
;10914;3;2;66;175;28;1;3;-33;-71
;10915;;;;600;;;;-33;-71
;10916;4;4;140;200;32;2;12;-33;-71
;10917;2;2;70;95;7;1;;-33;-71
;10918;3;2;79;90;51;1;3;-33;-71
;10919;3;3;126;240;;1;;-33;-71
;10920;1;1;44;85;3;;2;-34;-71
;10921;;;;170;;;;-33;-71
;10922;;;;100;;;;-33;-71
;10923;1;;37;45;;;;-33;-71
;10924;;1;62;90;4;1;3;-34;-71
;10925;3;2;63;;6;1;4;-34;-71
;10926;3;;160;380;;;;-33;-71
;10927;;;58;130;;;;-33;-71
;10928;;;;130;;;;-33;-71
;10929;;;;150;;;;-33;-71
;10930;;;;120;;;;-33;-71
;10931;;;;90;;;;-33;-71
;10932;;;;;;;;-33;-71
;10933;3;2;;95;2;1;;-34;-71
;10934;;;;415;;;;-33;-71
;10935;2;2;48;65;5;1;9;-34;-71
;10936;;;224;450;;;;-33;-71
;10937;2;1;54;85;20;1;2;-34;-71
;10938;2;1;68;100;2;2;;-34;-71
;10939;;;;15;;;;-33;-71
;10940;;;;35;;;;-33;-71
;10941;;;;90;;;;-33;-71
;10942;;;;150;;;;-34;-71
;10943;;;;75;;;;-34;-71
;10944;4;3;338;950;30;3;17;-33;-71
;10945;;;;180;;;;-33;-71
;10946;2;;;110;;;;-34;-71
;10947;;;;60;;;;-33;-71
;10948;;;;80;;;;-33;-71
;10949;1;;32;55;;;;-34;-71
;10950;1;1;;55;3;1;11;-34;-71
;10951;;;;80;;;;-33;-71
;10952;3;1;65;8;;;;-34;-71
;10953;3;2;60;65;8;1;12;-34;-71
;10954;2;;37;50;;;;-34;-71
;10955;1;1;49;115;7;1;;-33;-71
;10956;;;37;100;;;;-33;-71
;10957;;;;1;;;;-33;-71
;10958;2;2;67;240;24;1;12;-33;-71
;10959;4;;326;600;;;;-33;-71
;10960;4;2;82;95;30;1;3;-33;-71
;10961;;;;130;;;;-34;-71
;10962;;;;;;;;-34;-71
;10963;3;2;199;490;32;2;3;-33;-71
;10964;1;;;70;;;;-34;-71
;10965;;;;86;;;;-34;-71
;10966;;;;70;;;;-34;-71
;10967;;;;70;;;;-34;-71
;10968;2;2;57;170;8;1;;-33;-71
;10969;;;;84;;;;-34;-71
;10970;3;2;60;;;;;-33;-71
;10971;;;;640;;;;-33;-71
;10972;;;;600;;;;-33;-71
;10973;;;;120;;;;-33;-71
;10974;;;;550;;;;-33;-71
;10975;3;2;76;100;23;1;7;-34;-71
;10976;;;;100;;;;-34;-71
;10977;;;;260;;;;-33;-71
;10978;4;;160;70;;;;-33;-71
;10979;2;2;60;80;0;1;9;-34;-71
;10980;;;;550;;;;-33;-71
;10981;;;;145;;;;-33;-71
;10982;3;;74;;;;;-34;-71
;10983;2;3;98;150;42;1;3;-33;-71
;10984;;;;390;;;;-33;-71
;10985;;;;;;;;-33;-71
;10986;1;1;34;40;24;;1;-34;-71
;10987;;;;200;;;;-33;-71
;10988;;;;400;;;;-33;-71
;10989;3;2;77;105;22;;8;-34;-71
;10990;3;2;80;;43;;8;-34;-71
;10991;3;2;69;110;20;1;;-34;-71
;10992;;;;1;;;;-33;-71
;10993;4;;250;900;;;;-33;-71
;10994;;;;90;;;;-34;-71
;10995;;;;400;;;;-33;-71
;10996;;;;110;;;;-34;-71
;10997;;;;20;;;;-33;-71
;10998;2;2;72;180;6;2;1;-33;-71
;10999;;;;180;;;;-33;-71
;11000;3;4;296;870;30;3;12;-33;-71
;11001;2;2;60;150;17;1;;-33;-71
;11002;;;;;;;;-33;-71
;11003;3;3;140;350;13;2;15;-33;-71
;11004;;;;180;;;;-33;-71
;11005;4;3;258;700;49;2;2;-33;-71
;11006;;;;;;;;-34;-71
;11007;;;;;;;;-34;-71
;11008;;;;140;;;;-33;-71
;11009;2;1;47;60;14;1;;-34;-71
;11010;;;;390;;;;-33;-71
;11011;;;;110;;;;-33;-71
;11012;;;;90;;;;-34;-71
;11013;2;2;65;150;7;1;2;-33;-71
;11014;;;;5;;;;-34;-71
;11015;;;;60;;;;-34;-71
;11016;3;4;300;550;;;;-33;-71
;11017;;;;500;;;;-33;-71
;11018;;;;264;;;;-33;-71
;11019;;;;300;;;;-33;-71
;11020;;;;;;;;-33;-71
;11021;3;2;97;180;;1;;-33;-71
;11022;;;;;;;;-33;-71
;11023;3;1;67;;50;;2;-34;-71
;11024;;;;;;;;-33;-71
;11025;3;2;78;;0;1;;-34;-71
;11026;1;1;61;110;2;;8;-33;-71
;11027;;;;120;;;;-33;-71
;11028;2;2;75;180;7;1;;-33;-71
;11029;;;;160;;;;-33;-71
;11030;1;1;62;140;8;1;4;-33;-71
;11031;;;;;;;;-34;-71
;11032;3;4;138;420;22;2;;-33;-71
;11033;;;;450;;;;-33;-71
;11034;3;3;125;50;13;1;4;-33;-71
;11035;3;2;90;130;40;1;3;-33;-71
;11036;;;;;;;;-34;-71
;11037;;;;315;;;;-33;-71
;11038;1;2;103;225;29;2;6;-33;-71
;11039;;;;25;;;;-34;-71
;11040;;;;100;;;;-33;-71
;11041;;;;350;;;;-33;-71
;11042;;;;;;;;-34;-71
;11043;;;;75;;;;-34;-71
;11044;2;2;;;4;;;-34;-71
;11045;;;;70;;;;-34;-71
;11046;;;;70;;;;-34;-71
;11047;2;1;62;100;9;1;4;-34;-71
;11048;;;;;;;;-33;-71
;11049;3;2;79;100;16;1;5;-34;-71
;11050;3;2;80;150;17;1;3;-33;-71
;11051;3;3;142;450;34;2;2;-33;-71
;11052;;;;450;;;;-33;-71
;11053;2;2;65;200;30;1;;-33;-71
;11054;2;2;45;80;0;1;;-34;-71
;11055;;;;350;;;;-33;-71
;11056;3;3;140;250;36;2;11;-33;-71
;11057;;;;280;;;;-33;-71
;11058;2;2;71;280;16;2;9;-33;-71
;11059;2;2;608;120;;;;-34;-71
;11060;;;;120;;;;-33;-71
;11061;5;4;235;550;33;3;1;-33;-71
;11062;;;;55;;;;-34;-71
;11063;;;;120;;;;-33;-71
;11064;;;;50;;;;-34;-71
;11065;1;1;27;50;8;;4;-34;-71
;11066;2;1;;90;5;;9;-34;-71
;11067;4;4;123;300;17;2;3;-33;-71
;11068;;;;175;;;;-33;-71
;11069;;;;700;;;;-33;-71
;11070;;;;260;;;;-33;-71
;11071;;;;70;;;;-34;-71
;11072;;;;170;;;;-33;-71
;11073;;;;;;;;-33;-71
;11074;3;3;124;200;30;1;5;-33;-71
;11075;;;;370;;;;-33;-71
;11076;1;1;33;80;3;1;;-33;-71
;11077;1;2;64;160;32;1;8;-33;-71
;11078;;;;200;;;;-34;-71
;11079;3;2;72;180;18;1;1;-33;-71
;11080;;;;60;;;;-33;-71
;11081;2;2;50;90;25;1;9;-33;-71
;11082;;;;200;;;;-33;-71
;11083;;;;320;;;;-33;-71
;11084;;;;170;;;;-33;-71
;11085;;;;60;;;;-33;-71
;11086;;;;350;;;;-33;-71
;11087;;;;80;;;;-34;-71
;11088;;;;110;;;;-34;-71
;11089;3;2;72;110;;;;-34;-71
;11090;3;3;120;300;9;2;2;-33;-71
;11091;;;;350;;;;-33;-71
;11092;3;2;160;350;;;;-33;-71
;11093;;;;190;;;;-33;-71
;11094;4;2;81;150;19;1;1;-34;-71
;11095;4;2;80;140;18;1;1;-34;-71
;11096;4;2;80;140;17;1;1;-34;-71
;11097;;;;158;;;;-33;-71
;11098;1;1;;50;0;1;99;-34;-71
;11099;;;;50;;;;-34;-71
;11100;2;2;56;150;11;;6;-33;-71
;11101;4;4;380;1;32;4;12;-33;-71
;11102;4;4;275;500;;;;-33;-71
;11103;;;;500;;;;-33;-71
;11104;;;104;;;;;-33;-71
;11105;;;;150;;;;-34;-71
;11106;;;;260;;;;-33;-71
;11107;;;;45;;;;-34;-71
;11108;4;3;100;170;18;1;3;-33;-71
;11109;;;;;;;;-33;-71
;11110;2;;93;250;;;;-33;-71
;11111;;;;350;;;;-33;-71
;11112;1;1;;60;0;1;;-34;-71
;11113;2;2;;95;0;;8;-34;-71
;11114;1;;;55;;;;-34;-71
;11115;2;2;60;;0;1;16;-34;-71
;11116;;;;65;;;;-34;-71
;11117;2;3;108;300;;;;-33;-71
;11118;;;;250;;;;-33;-71
;11119;;;;500;;;;-33;-71
;11120;;;;;;;;-33;-71
;11121;;;;54;;;;-34;-71
;11122;2;2;65;100;5;1;7;-33;-71
;11123;2;2;57;60;2;;18;-34;-71
;11124;2;1;50;60;1;;2;-33;-71
;11125;;;;60;;;;-34;-71
;11126;;;;195;;;;-33;-71
;11127;;;;150;;;;-33;-71
;11128;2;2;57;100;6;1;;-34;-71
;11129;;;;160;;;;-33;-71
;11130;;;;60;;;;-34;-71
;11131;;;;350;;;;-33;-71
;11132;2;2;;85;0;1;;-34;-71
;11133;3;2;88;250;15;1;11;-33;-71
;11134;3;2;96;181;78;1;1;-33;-71
;11135;;;;240;;;;-33;-71
;11136;;;;;;;;-33;-71
;11137;;;56;75;;;;-34;-71
;11138;1;1;38;50;10;;;-34;-71
;11139;;;;150;;;;-34;-71
;11140;;;53;115;;;;-33;-71
;11141;;;;132;;;;-34;-71
;11142;;;;180;;;;-33;-71
;11143;3;2;81;100;14;1;11;-33;-71
;11144;4;3;136;230;42;2;;-33;-71
;11145;;;;85;;;;-33;-71
;11146;2;3;122;320;35;1;;-33;-71
;11147;;;;350;;;;-33;-71
;11148;3;3;105;470;35;1;2;-33;-71
;11149;;;;50;;;;-34;-71
;11150;2;1;42;100;9;1;12;-34;-71
;11151;;;;95;;;;-34;-71
;11152;4;3;118;300;;;;-33;-71
;11153;2;2;54;70;10;1;;-34;-71
;11154;2;2;;1;5;1;;-34;-71
;11155;;;;220;;;;-33;-71
;11156;1;1;;;0;;14;-34;-71
;11157;3;3;93;340;16;2;;-33;-71
;11158;3;2;68;10;;2;1;-34;-71
;11159;;;;450;;;;-33;-71
;11160;;;;200;;;;-33;-71
;11161;;;;55;;;;-34;-71
;11162;;;58;115;;;;-33;-71
;11163;;;;;;;;-33;-71
;11164;1;;30;100;6;1;4;-33;-71
;11165;3;3;294;600;32;3;;-33;-71
;11166;;;;70;;;;-34;-71
;11167;3;3;;480;;1;;-33;-71
;11168;;;;180;;;;-33;-71
;11169;3;;116;170;;;;-33;-71
;11170;;;;240;;;;-33;-71
;11171;1;1;38;150;3;1;3;-33;-71
;11172;;;;2;;;;-33;-71
;11173;;;;80;;;;-34;-71
;11174;2;2;60;75;13;;8;-34;-71
;11175;2;;48;;;;;-34;-71
;11176;;;;350;;;;-33;-71
;11177;1;1;;60;;;10;-34;-71
;11178;4;3;115;350;0;2;;-33;-71
;11179;2;2;54;150;3;1;17;-33;-71
;11180;;;;200;;;;-33;-71
;11181;4;4;327;60;;;;-33;-71
;11182;;;;550;;;;-33;-71
;11183;2;2;51;1;0;;;-34;-71
;11184;;;;65;;;;-34;-71
;11185;;;;120;;;;-34;-71
;11186;;;;150;;;;-33;-71
;11187;2;1;43;80;0;1;3;-33;-71
;11188;;;;240;;;;-33;-71
;11189;2;3;99;250;0;2;8;-33;-71
;11190;1;1;;;0;1;8;-33;-71
;11191;;;;30;;;;-33;-71
;11192;;;;500;;;;-33;-71
;11193;;;;;;;;-33;-71
;11194;;;;170;;;;-33;-71
;11195;3;;80;80;;;;-33;-71
;11196;;;;2;;;;-33;-71
;11197;;;;125;;;;-33;-71
;11198;;;;120;;;;-33;-71
;11199;;;;350;;;;-33;-71
;11200;;;;400;;;;-33;-71
;11201;;;;410;;;;-33;-71
;11202;;;;450;;;;-33;-71
;11203;;;;250;;;;-33;-71
;11204;;;;450;;;;-33;-71
;11205;;;;450;;;;-33;-71
;11206;3;;120;210;;;;-33;-71
;11207;2;2;102;200;50;1;5;-33;-71
;11208;3;;74;;;;;-33;-71
;11209;1;1;60;170;13;1;4;-33;-71
;11210;;;;170;;;;-33;-71
;11211;1;1;33;60;1;1;2;-33;-71
;11212;;;78;130;;;;-34;-71
;11213;;;;125;;;;-33;-71
;11214;;;;90;;;;-34;-71
;11215;;;;170;;;;-33;-71
;11216;;;;240;;;;-33;-71
;11217;;;;230;;;;-33;-71
;11218;;;;155;;;;-33;-71
;11219;2;2;70;160;23;1;4;-33;-71
;11220;;;;160;;;;-33;-71
;11221;;;;250;;;;-33;-71
;11222;2;2;73;240;7;1;9;-33;-71
;11223;;;;200;;;;-33;-71
;11224;2;2;67;160;0;1;;-33;-71
;11225;2;2;78;110;33;1;5;-33;-71
;11226;;;;125;;;;-33;-71
;11227;1;1;35;130;;1;5;-33;-71
;11228;;;;220;;;;-33;-71
;11229;3;2;60;100;4;1;1;-34;-71
;11230;;;;100;;;;-34;-71
;11231;;;;80;;;;-33;-71
;11232;;;;130;;;;-33;-71
;11233;3;2;80;170;26;1;2;-33;-71
;11234;;;;170;;;;-33;-71
;11235;;;;350;;;;-33;-71
;11236;;;;170;;;;-33;-71
;11237;;;;190;;;;-33;-71
;11238;;;97;;;;;-33;-71
;11239;;;;280;;;;-33;-71
;11240;3;3;185;400;0;2;;-33;-71
;11241;;;;250;;;;-33;-71
;11242;2;2;63;160;17;1;12;-33;-71
;11243;;;;165;;;;-33;-71
;11244;2;1;47;60;20;;5;-34;-71
;11245;;;;250;;;;-33;-71
;11246;2;2;84;250;20;1;6;-33;-71
;11247;;;;250;;;;-33;-71
;11248;;;;215;;;;-33;-71
;11249;2;2;;;0;1;;-34;-71
;11250;;;;130;;;;-33;-71
;11251;;;;375;;;;-33;-71
;11252;;;;150;;;;-33;-71
;11253;2;2;59;60;;;;-34;-71
;11254;2;2;67;180;9;1;11;-33;-71
;11255;2;2;44;70;7;1;15;-33;-71
;11256;3;2;80;85;23;1;;-34;-71
;11257;2;2;69;85;;1;7;-34;-71
;11258;3;2;;98;22;1;8;-34;-71
;11259;1;1;27;;0;;18;-34;-71
;11260;;;;150;;;;-33;-71
;11261;;;;280;;;;-33;-71
;11262;;;;280;;;;-33;-71
;11263;;;;100;;;;-33;-71
;11264;;;;;;;;-34;-71
;11265;;;;40;;;;-34;-71
;11266;3;3;68;200;0;1;3;-33;-71
;11267;;;;160;;;;-33;-71
;11268;;;;80;;;;-33;-71
;11269;4;4;202;360;31;4;4;-33;-71
;11270;2;2;;;0;1;;-33;-71
;11271;;;;500;;;;-33;-71
;11272;;;;550;;;;-33;-71
;11273;3;;86;123;;;;-33;-71
;11274;;;;170;;;;-33;-71
;11275;;;;95;;;;-34;-71
;11276;;;;135;;;;-33;-71
;11277;;;;130;;;;-33;-71
;11278;;;;100;;;;-33;-71
;11279;3;3;90;180;30;2;2;-33;-71
;11280;2;2;79;120;0;2;7;-33;-71
;11281;2;2;79;120;0;2;7;-33;-71
;11282;;;;300;;;;-33;-71
;11283;;;;195;;;;-33;-71
;11284;;;;;;;;-33;-71
;11285;;;;190;;;;-33;-71
;11286;2;2;85;150;25;1;15;-33;-71
;11287;;;;380;;;;-33;-71
;11288;;;;110;;;;-33;-71
;11289;;;100;90;;;;-34;-71
;11290;4;3;121;130;;;;-33;-71
;11291;;;;270;;;;-33;-71
;11292;;;;350;;;;-33;-71
;11293;2;2;;;2;;14;-34;-71
;11294;1;1;;;2;;3;-34;-71
;11295;;;;60;;;;-34;-71
;11296;3;2;98;120;0;1;5;-33;-71
;11297;4;;125;350;;;;-33;-71
;11298;3;4;;300;28;2;6;-33;-71
;11299;;;;350;;;;-33;-71
;11300;1;1;40;170;23;1;6;-33;-71
;11301;2;1;43;140;1;1;20;-34;-71
;11302;2;1;53;110;10;1;15;-34;-71
;11303;3;2;104;320;;2;;-33;-71
;11304;;;;;;;;-33;-71
;11305;2;2;;130;4;;;-33;-71
;11306;;;;230;;;;-33;-71
;11307;2;;72;120;;;;-33;-71
;11308;3;2;75;170;38;1;9;-33;-71
;11309;2;;69;5;;;;-33;-71
;11310;4;3;105;350;24;1;4;-33;-71
;11311;;;;60;;;;-34;-71
;11312;;;;150;;;;-33;-71
;11313;2;2;61;1;1;1;7;-33;-71
;11314;2;2;55;170;22;;;-33;-71
;11315;;;;;;;;-34;-71
;11316;1;1;35;90;0;1;11;-34;-71
;11317;1;1;34;50;1;;2;-34;-71
;11318;2;2;75;150;15;1;1;-33;-71
;11319;3;2;84;210;33;2;3;-33;-71
;11320;;;;150;;;;-33;-71
;11321;1;2;92;200;6;1;;-33;-71
;11322;;;;180;;;;-33;-71
;11323;;;;210;;;;-33;-71
;11324;1;1;35;;-1;;6;-34;-71
;11325;1;1;27;;-1;;6;-34;-71
;11326;3;2;65;110;14;;8;-34;-71
;11327;;;40;75;;;;-34;-71
;11328;2;2;46;80;10;1;21;-34;-71
;11329;1;1;44;80;4;1;7;-33;-71
;11330;2;1;45;60;10;;14;-34;-71
;11331;1;1;35;160;18;1;4;-33;-71
;11332;3;2;85;200;40;;2;-33;-71
;11333;1;1;51;42;;;;-33;-71
;11334;;;50;120;;;;-33;-71
;11335;;;;;;;;-33;-71
;11336;1;1;31;45;13;;5;-34;-71
;11337;;;;100;;;;-34;-71
;11338;3;2;76;;2;1;;-33;-71
;11339;;;;50;;;;-34;-71
;11340;1;1;33;60;3;;16;-34;-71
;11341;1;1;28;65;0;;;-33;-71
;11342;;;;65;;;;-34;-71
;11343;2;2;75;180;;1;2;-33;-71
;11344;;;;200;;;;-33;-71
;11345;;;;100;;;;-34;-71
;11346;2;2;78;180;9;1;11;-33;-71
;11347;2;2;64;130;60;;9;-33;-71
;11348;;;;280;;;;-33;-71
;11349;;;;130;;;;-33;-71
;11350;2;2;;80;8;1;18;-34;-71
;11351;;;;180;;;;-33;-71
;11352;3;2;96;180;0;1;7;-33;-71
;11353;;;;;;;;-33;-71
;11354;3;2;88;120;1;2;8;-33;-71
;11355;;;;;;;;-34;-71
;11356;4;;110;205;;;;-33;-71
;11357;;;;150;;;;-33;-71
;11358;;;;250;;;;-33;-71
;11359;;;;220;;;;-33;-71
;11360;3;3;102;250;16;10;1;-33;-71
;11361;2;2;86;200;14;1;;-33;-71
;11362;2;;85;90;;;;-33;-71
;11363;;;;;;;;-33;-71
;11364;3;3;108;200;20;1;8;-33;-71
;11365;;;;;;;;-33;-71
;11366;3;3;;220;2;1;2;-33;-71
;11367;;;;;;;;-33;-71
;11368;;;;250;;;;-33;-71
;11369;;;100;160;;;;-33;-71
;11370;;;;70;;;;-34;-71
;11371;;;;120;;;;-33;-71
;11372;;;;480;;;;-33;-71
;11373;;;;;;;;-34;-71
;11374;3;3;;230;;;;-33;-71
;11375;;;;60;;;;-34;-71
;11376;;;;150;;;;-33;-71
;11377;;;;200;;;;-33;-71
;11378;2;;65;;;;;-33;-71
;11379;2;2;77;200;6;1;6;-33;-71
;11380;2;;76;120;;;;-33;-71
;11381;2;2;80;180;22;1;3;-33;-71
;11382;;;;300;;;;-33;-71
;11383;;;;200;;;;-33;-71
;11384;1;1;36;;0;;6;-34;-71
;11385;2;2;87;323;8;2;5;-33;-71
;11386;;;;200;;;;-33;-71
;11387;2;2;80;180;20;1;2;-33;-71
;11388;;;;170;;;;-33;-71
;11389;;;;85;;;;-34;-71
;11390;1;;38;60;;;;-34;-71
;11391;3;2;79;110;9;1;14;-34;-71
;11392;;;;;;;;-34;-71
;11393;;;;200;;;;-33;-71
;11394;3;2;86;180;50;;6;-33;-71
;11395;3;;85;140;;;;-33;-71
;11396;3;2;95;220;;1;3;-33;-71
;11397;4;4;116;200;20;1;2;-33;-71
;11398;1;1;;144;4;1;6;-33;-71
;11399;;;;55;;;;-34;-71
;11400;;;;55;;;;-34;-71
;11401;;;;140;;;;-33;-71
;11402;;;;130;;;;-33;-71
;11403;;;;180;;;;-33;-71
;11404;4;;119;200;;;;-33;-71
;11405;;;;150;;;;-34;-71
;11406;;;;65;;;;-33;-71
;11407;4;3;134;260;27;2;8;-33;-71
;11408;;;;300;;;;-33;-71
;11409;;;;180;;;;-33;-71
;11410;3;3;104;200;25;2;9;-33;-71
;11411;;;;130;;;;-33;-71
;11412;3;2;95;210;;;;-33;-71
;11413;2;2;66;180;;;;-33;-71
;11414;;;;180;;;;-33;-71
;11415;;;;176;;;;-33;-71
;11416;2;2;76;100;1;1;;-33;-71
;11417;;;;120;;;;-33;-71
;11418;;;;;;;;-33;-71
;11419;;;;176;;;;-33;-71
;11420;2;2;65;;0;1;896788;-34;-71
;11421;;;;160;;;;-33;-71
;11422;;;;160;;;;-33;-71
;11423;3;2;82;140;;1;;-33;-71
;11424;2;1;45;84;1;1;3;-34;-71
;11425;;;;100;;;;-34;-71
;11426;2;;43;85;;;;-34;-71
;11427;2;2;50;90;;1;11;-34;-71
;11428;;;;75;;;;-34;-71
;11429;;;;;;;;-33;-71
;11430;;;;;;;;-34;-71
;11431;;;;150;;;;-33;-71
;11432;;;;160;;;;-33;-71
;11433;;;;130;;;;-33;-71
;11434;;;;140;;;;-33;-71
;11435;;;;;;;;-33;-71
;11436;2;2;60;;0;1;20;-33;-71
;11437;;;;;;;;-33;-71
;11438;;;;135;;;;-33;-71
;11439;;;;130;;;;-33;-71
;11440;3;3;108;270;19;2;9;-33;-71
;11441;;;;140;;;;-33;-71
;11442;;;;330;;;;-33;-71
;11443;;;104;250;;;;-33;-71
;11444;2;2;70;190;32;1;7;-33;-71
;11445;;;;150;;;;-33;-71
;11446;1;;;;;;;-34;-71
;11447;;;;230;;;;-33;-71
;11448;2;;53;160;;;;-33;-71
;11449;;;;250;;;;-33;-71
;11450;;;;170;;;;-33;-71
;11451;;;;140;;;;-33;-71
;11452;;;;173;;;;-33;-71
;11453;1;1;27;45;5;;18;-34;-71
;11454;1;1;45;130;0;1;5;-33;-71
;11455;;;;120;;;;-33;-71
;11456;;;;120;;;;-33;-71
;11457;;;;;;;;-33;-71
;11458;;;;1;;;;-33;-71
;11459;3;2;90;115;;2;;-33;-71
;11460;;;;;;;;-33;-71
;11461;;;;400;;;;-33;-71
;11462;;;;;;;;-33;-71
;11463;2;1;45;;3;;;-33;-71
;11464;;;;180;;;;-33;-71
;11465;3;2;120;230;2;2;10;-33;-71
;11466;3;2;120;270;6;2;10;-33;-71
;11467;3;3;12;240;0;2;;-33;-71
;11468;;;;130;;;;-33;-71
;11469;;;;;;;;-33;-71
;11470;2;2;65;240;;1;5;-33;-71
;11471;;;;160;;;;-33;-71
;11472;;;;;;;;-33;-71
;11473;;;;;;;;-33;-71
;11474;;;;175;;;;-33;-71
;11475;;;;120;;;;-33;-71
;11476;;;;37;;;;-33;-71
;11477;;;;10;;;;-33;-71
;11478;;;;140;;;;-33;-71
;11479;3;;90;200;;;;-33;-71
;11480;;;;;;;;-33;-71
;11481;;;52;;;;;-33;-71
;11482;3;2;86;260;19;1;;-33;-71
;11483;3;;118;170;;;;-33;-71
;11484;2;2;71;175;4;1;7;-33;-71
;11485;;;;;;;;-33;-71
;11486;;;;200;;;;-33;-71
;11487;;;;140;;;;-33;-71
;11488;2;2;;;;1;6;-33;-71
;11489;;;;140;;;;-33;-71
;11490;;;;180;;;;-33;-71
;11491;1;1;;;0;;;-33;-71
;11492;;;;100;;;;-33;-71
;11493;3;2;127;280;2;2;7;-33;-71
;11494;;;;;;;;-33;-71
;11495;2;2;97;;;;;-33;-71
;11496;;;;138;;;;-33;-71
;11497;3;2;87;60;62;;;-33;-71
;11498;1;1;32;80;19;1;8;-33;-71
;11499;;;;140;;;;-33;-71
;11500;2;2;54;100;15;1;6;-33;-71
;11501;1;1;52;102;0;;2;-33;-71
;11502;1;1;52;102;1;;2;-33;-71
;11503;;;;;;;;-33;-71
;11504;2;2;76;;0;;;-33;-71
;11505;2;2;91;;1;;4;-33;-71
;11506;;;;;;;;-33;-71
;11507;3;3;130;;0;1;;-33;-71
;11508;3;3;137;1;-2;1;13;-33;-71
;11509;;;;175;;;;-33;-71
;11510;;;;95;;;;-34;-71
;11511;2;;60;160;;;;-33;-71
;11512;;;;;;;;-33;-71
;11513;4;3;120;180;;2;;-33;-71
;11514;;;;100;;;;-33;-71
;11515;;;;140;;;;-33;-71
;11516;;;;55;;;;-33;-71
;11517;1;1;40;130;0;;10;-33;-71
;11518;;;;180;;;;-33;-71
;11519;;;;150;;;;-33;-71
;11520;2;2;60;85;9;1;8;-33;-71
;11521;3;2;74;250;20;1;10;-33;-71
;11522;;;;20;;;;-33;-71
;11523;;;;130;;;;-33;-71
;11524;1;;32;70;;;;-33;-71
;11525;;;;60;;;;-33;-71
;11526;;;;130;;;;-33;-71
;11527;2;2;;100;3;1;14;-33;-71
;11528;2;2;52;130;4;1;;-33;-71
;11529;;;;170;;;;-33;-71
;11530;;;;170;;;;-33;-71
;11531;;;;100;;;;-33;-71
;11532;2;2;66;5;9;1;2;-33;-71
;11533;;;;100;;;;-33;-71
;11534;1;1;41;90;17;1;17;-33;-71
;11535;;;;110;;;;-33;-71
;11536;2;2;46;130;18;1;3;-33;-71
;11537;;;;70;;;;-33;-71
;11538;;;38;45;;;;-33;-71
;11539;;;;55;;;;-33;-71
;11540;;;;180;;;;-33;-71
;11541;;;;140;;;;-33;-71
;11542;;;;60;;;;-33;-71
;11543;;;;60;;;;-33;-71
;11544;;;;370;;;;-33;-71
;11545;;;;120;;;;-33;-71
;11546;3;2;;200;6;1;7;-33;-71
;11547;3;2;80;175;22;1;8;-33;-71
;11548;;;;230;;;;-33;-71
;11549;;;;150;;;;-33;-71
;11550;;;;125;;;;-33;-71
;11551;2;2;50;125;15;1;5;-33;-71
;11552;;;;180;;;;-33;-71
;11553;;;;60;;;;-33;-71
;11554;;;;100;;;;-33;-71
;11555;;;;;;;;-33;-71
;11556;;;;;;;;-33;-71
;11557;;;;250;;;;-33;-71
;11558;;;;70;;;;-33;-71
;11559;2;2;61;200;7;3;;-33;-71
;11560;;;;100;;;;-33;-71
;11561;3;2;82;120;50;;3;-33;-71
;11562;4;2;87;95;55;1;1;-33;-71
;11563;;;;95;;;;-33;-71
;11564;4;3;182;35;85;;3;-33;-71
;11565;;;;90;;;;-33;-71
;11566;;;;1;;;;-33;-71
;11567;;;;90;;;;-33;-71
;11568;1;1;45;;0;1;;-33;-71
;11569;;;;95;;;;-33;-71
;11570;;;;;;;;-33;-71
;11571;;;;75;;;;-33;-71
;11572;;;;100;;;;-33;-71
;11573;1;1;30;40;4;;25;-33;-71
;11574;;;;85;;;;-33;-71
;11575;3;2;76;;0;;6;-33;-71
;11576;;;;20;;;;-34;-71
;11577;2;2;64;90;10;1;22;-33;-71
;11578;1;;41;60;;;;-33;-71
;11579;;;;110;;;;-33;-71
;11580;2;1;47;;12;1;17;-33;-71
;11581;2;1;47;;12;1;17;-33;-71
;11582;;;;40;;;;-33;-71
;11583;1;1;33;75;;;;-33;-71
;11584;;;;90;;;;-33;-71
;11585;1;1;51;150;0;1;5;-33;-71
;11586;;;;;;;;-34;-71
;11587;;;;150;;;;-33;-71
;11588;;;;80;;;;-33;-71
;11589;;;;75;;;;-33;-71
;11590;;;;120;;;;-33;-71
;11591;3;2;82;100;2;1;4;-33;-71
;11592;;;;120;;;;-33;-71
;11593;;;;60;;;;-33;-71
;11594;;;;75;;;;-33;-71
;11595;;;;120;;;;-33;-71
;11596;;;104;180;;;;-33;-71
;11597;;;;100;;;;-33;-71
;11598;;;;175;;;;-33;-71
;11599;1;1;40;;1;;;-33;-71
;11600;1;1;44;60;2;1;3;-33;-71
;11601;;;;74;;;;-33;-71
;11602;;;;60;;;;-33;-71
;11603;3;3;112;4;66;;;-33;-71
;11604;2;2;46;120;1;1;4;-33;-71
;11605;2;;44;75;;;;-33;-71
;11606;;;84;200;;;;-33;-71
;11607;;;;170;;;;-33;-71
;11608;1;1;36;80;2;;2;-33;-71
;11609;;;;;;;;-33;-71
;11610;1;1;41;85;;;;-33;-71
;11611;;;;;;;;-33;-71
;11612;;;;70;;;;-33;-71
;11613;3;;63;25;;;;-33;-71
;11614;;;;40;;;;-33;-71
;11615;2;2;61;85;12;1;6;-33;-71
;11616;;;;85;;;;-33;-71
;11617;;;;98;;;;-33;-71
;11618;;;;70;;;;-33;-71
;11619;2;1;44;60;;;;-33;-71
;11620;;;;;;;;-33;-71
;11621;;;;120;;;;-33;-71
;11622;2;;50;85;;;;-33;-71
;11623;;;;55;;;;-33;-71
;11624;1;1;27;80;5;1;4;-33;-71
;11625;2;2;67;20;;;;-33;-71
;11626;2;2;50;130;8;1;24;-33;-71
;11627;;;;120;;;;-33;-71
;11628;3;2;82;150;13;1;;-33;-71
;11629;1;1;51;50;;;;-33;-71
;11630;;;;;;;;-33;-71
;11631;;;;33;;;;-33;-71
;11632;;;;90;;;;-33;-71
;11633;2;2;53;95;15;;2;-33;-71
;11634;4;3;;40;;;;-33;-71
;11635;;;;75;;;;-33;-71
;11636;2;2;43;70;0;1;;-34;-71
;11637;3;3;168;;;;;-33;-71
;11638;3;2;89;180;2;1;1;-33;-71
;11639;3;2;91;136;16;1;;-33;-71
;11640;2;1;55;50;5;;;-34;-71
;11641;2;1;40;55;3;1;10;-34;-71
;11642;3;1;48;70;6;1;8;-34;-71
;11643;;;;20;;;;-33;-71
;11644;;;;;;;;-33;-71
;11645;;;;;;;;-33;-71
;11646;2;1;;50;0;;1;-33;-71
;11647;3;;46;70;;;;-33;-71
;11648;;;;65;;;;-33;-71
;11649;;;;63;;;;-33;-71
;11650;1;1;2;60;2;;1;-33;-71
;11651;;;30;80;;;;-33;-71
;11652;;;;80;;;;-33;-71
;11653;;;;70;;;;-33;-71
;11654;3;2;66;120;0;2;;-33;-71
;11655;;;;65;;;;-33;-71
;11656;;;;100;;;;-33;-71
;11657;1;1;39;90;3;1;18;-33;-71
;11658;;;;;;;;-33;-71
;11659;2;2;79;100;0;;;-33;-71
;11660;;;;;;;;-34;-71
;11661;3;2;66;160;9;1;9;-33;-71
;11662;;;;90;;;;-33;-71
;11663;6;3;185;200;60;;4;-33;-71
;11664;1;1;48;80;8;1;11;-33;-71
;11665;;;;25;;;;-33;-71
;11666;2;2;;100;5;;3;-33;-71
;11667;;;;65;;;;-33;-71
;11668;3;2;60;100;17;;16;-34;-71
;11669;2;2;52;;11;2;;-33;-71
;11670;;;;;;;;-33;-71
;11671;;;;70;;;;-33;-71
;11672;3;;65;1;;;;-33;-71
;11673;;;;80;;;;-33;-71
;11674;;;;;;;;-33;-71
;11675;1;1;38;65;13;;11;-33;-71
;11676;;;;50;;;;-33;-71
;11677;;;;90;;;;-33;-71
;11678;;;;85;;;;-34;-71
;11679;;;;70;;;;-34;-71
;11680;3;1;45;75;;1;;-34;-71
;11681;;;;60;;;;-34;-71
;11682;2;;48;50;;;;-33;-71
;11683;;;;56;;;;-33;-71
;11684;;;;65;;;;-34;-71
;11685;;;;100;;;;-33;-71
;11686;;;;100;;;;-34;-71
;11687;;;;65;;;;-34;-71
;11688;2;2;;;0;1;;-33;-71
;11689;;;;50;;;;-33;-71
;11690;;;;48;;;;-33;-71
;11691;;;;;;;;-34;-71
;11692;;;;110;;;;-33;-71
;11693;;;;;;;;-33;-71
;11694;1;1;28;45;13;;;-33;-71
;11695;1;1;40;85;5;1;;-33;-71
;11696;;;;120;;;;-33;-71
;11697;;;;85;;;;-33;-71
;11698;;;;80;;;;-34;-71
;11699;;;;;;;;-33;-71
;11700;;;;140;;;;-33;-71
;11701;1;1;31;70;0;1;9;-34;-71
;11702;;;;80;;;;-34;-71
;11703;;;;50;;;;-34;-71
;11704;;;;90;;;;-33;-71
;11705;3;1;43;70;;;;-33;-71
;11706;;;;70;;;;-33;-71
;11707;2;2;;70;3;;1;-33;-71
;11708;;;;100;;;;-33;-71
;11709;;;;55;;;;-34;-71
;11710;;;;100;;;;-33;-71
;11711;2;;;150;;;;-33;-71
;11712;2;;54;60;;;;-33;-71
;11713;;;;;;;;-34;-71
;11714;1;1;30;60;4;;8;-34;-71
;11715;1;1;33;;;;;-34;-71
;11716;2;2;48;70;7;;15;-34;-71
;11717;;;;150;;;;-33;-71
;11718;;;;100;;;;-34;-71
;11719;;;;180;;;;-33;-71
;11720;;;;100;;;;-34;-71
;11721;;;;65;;;;-34;-71
;11722;;;;;;;;-33;-71
;11723;3;2;58;60;10;1;14;-34;-71
;11724;2;1;42;70;;1;;-33;-71
;11725;;;;300;;;;-33;-71
;11726;3;2;80;150;12;1;11;-33;-71
;11727;3;2;88;;9;2;3;-33;-71
;11728;;;;115;;;;-33;-71
;11729;;;;120;;;;-33;-71
;11730;;;;;;;;-33;-71
;11731;;;;60;;;;-34;-71
;11732;;;;80;;;;-34;-71
;11733;;;;;;;;-33;-71
;11734;;;;70;;;;-33;-71
;11735;1;1;31;120;6;;;-34;-71
;11736;;;;120;;;;-34;-71
;11737;2;2;60;70;6;1;;-33;-71
;11738;2;2;54;60;4;1;;-34;-71
;11739;3;2;81;105;8;1;;-33;-71
;11740;;;;152;;;;-33;-71
;11741;;;;45;;;;-33;-71
;11742;3;1;65;60;20;1;2;-34;-71
;11743;;;;170;;;;-33;-71
;11744;;;;;;;;-34;-71
;11745;3;1;55;42;12;;8;-33;-71
;11746;;;;130;;;;-33;-71
;11747;2;2;50;130;0;;;-33;-71
;11748;2;1;;100;0;;2;-33;-71
;11749;;;;110;;;;-33;-71
;11750;4;;96;100;;;;-33;-71
;11751;;;;60;;;;-33;-71
;11752;;;;70;;;;-33;-71
;11753;2;1;43;2;10;1;;-33;-71
;11754;2;;42;60;;;;-33;-71
;11755;2;1;;65;11;;;-33;-71
;11756;;;;60;;;;-33;-71
;11757;;;;60;;;;-33;-71
;11758;2;2;;110;;;;-33;-71
;11759;;;;50;;;;-33;-71
;11760;;;;39;;;;-33;-71
;11761;2;1;;70;8;1;26;-33;-71
;11762;1;1;29;46;10;;;-33;-71
;11763;;;;50;;;;-33;-71
;11764;1;1;25;40;7;;2;-33;-71
;11765;1;1;30;50;;;19;-33;-71
;11766;;;;50;;;;-33;-71
;11767;;;;50;;;;-33;-71
;11768;;;;45;;;;-33;-71
;11769;;;;55;;;;-33;-71
;11770;1;1;30;34;;;;-33;-71
;11771;1;1;29;30;;;;-33;-71
;11772;;;;1;;;;-33;-71
;11773;;;;65;;;;-33;-71
;11774;;;;50;;;;-33;-71
;11775;2;1;38;70;10;1;;-33;-71
;11776;;;;;;;;-33;-71
;11777;;;;;;;;-33;-71
;11778;1;1;28;56;14;;20;-33;-71
;11779;2;1;43;70;19;1;10;-34;-71
;11780;1;1;28;60;11;1;15;-33;-71
;11781;;;;60;;;;-33;-71
;11782;2;1;39;65;11;1;4;-33;-71
;11783;2;1;50;70;0;1;;-34;-71
;11784;2;;48;100;;;;-34;-71
;11785;3;2;60;80;0;;10;-33;-71
;11786;2;1;39;;16;;22;-33;-71
;11787;;;;;;;;-33;-71
;11788;;;;65;;;;-34;-71
;11789;;;;80;;;;-33;-71
;11790;;;;50;;;;-33;-71
;11791;;;;80;;;;-33;-71
;11792;;;;45;;;;-33;-71
;11793;;;;65;;;;-33;-71
;11794;1;1;35;45;0;;;-33;-71
;11795;;;;65;;;;-33;-71
;11796;2;1;;65;;;16;-33;-71
;11797;;;;50;;;;-33;-71
;11798;2;1;56;70;10;;12;-33;-71
;11799;2;2;47;70;8;;9;-33;-71
;11800;1;1;34;47;0;;;-33;-71
;11801;2;2;51;70;10;;;-33;-71
;11802;;;;100;;;;-33;-71
;11803;2;2;53;1;10;;;-33;-71
;11804;;;;60;;;;-33;-71
;11805;;;;60;;;;-33;-71
;11806;;;;92;;;;-33;-71
;11807;2;1;48;92;;1;;-33;-71
;11808;3;2;66;95;8;1;15;-33;-71
;11809;;;;88;;;;-33;-71
;11810;1;1;;;0;;;-33;-71
;11811;;;;46;;;;-33;-71
;11812;1;1;32;40;;;;-33;-71
;11813;;;;40;;;;-33;-71
;11814;;;;70;;;;-33;-71
;11815;;;;95;;;;-33;-71
;11816;;;;50;;;;-33;-71
;11817;2;2;50;90;0;1;16;-33;-71
;11818;;;;120;;;;-33;-71
;11819;2;2;51;80;9;;15;-33;-71
;11820;;;;92;;;;-34;-71
;11821;;;;90;;;;-33;-71
;11822;2;1;41;80;11;;7;-33;-71
;11823;2;2;;;0;1;3;-33;-71
;11824;2;;50;85;;;;-33;-71
;11825;;;;57;;;;-33;-71
;11826;;;;;;;;-33;-71
;11827;;;;;;;;-33;-71
;11828;;;;45;;;;-33;-71
;11829;2;1;44;126;7;1;;-33;-71
;11830;;;;40;;;;-33;-71
;11831;3;2;60;70;19;;;-33;-71
;11832;;;;80;;;;-33;-71
;11833;1;1;30;40;10;;16;-33;-71
;11834;1;1;30;40;10;;16;-33;-71
;11835;1;1;30;40;10;;16;-33;-71
;11836;2;2;65;105;;;;-33;-71
;11837;2;2;54;80;5;1;1605;-33;-71
;11838;;;;100;;;;-33;-71
;11839;;;;40;;;;-33;-71
;11840;;;;40;;;;-33;-71
;11841;;;;2;;;;-33;-71
;11842;3;2;68;;18;1;1;-33;-71
;11843;;;;50;;;;-33;-71
;11844;2;2;53;130;8;1;15;-33;-71
;11845;1;1;31;70;7;;;-33;-71
;11846;3;2;68;50;;;;-33;-71
;11847;;;;90;;;;-33;-71
;11848;1;1;42;;6;;;-33;-71
;11849;;;;80;;;;-33;-71
;11850;2;;47;85;;;;-34;-71
;11851;;;;80;;;;-34;-71
;11852;3;2;63;;;1;;-33;-71
;11853;1;1;24;57;7;;2;-34;-71
;11854;;;;80;;;;-33;-71
;11855;3;2;61;70;9;;9;-33;-71
;11856;3;1;58;45;;;;-33;-71
;11857;;;;100;;;;-33;-71
;11858;;;;75;;;;-33;-71
;11859;2;;47;100;;;;-33;-71
;11860;;;;50;;;;-33;-71
;11861;1;1;33;50;6;;7;-33;-71
;11862;;;;70;;;;-34;-71
;11863;;;;1;;;;-33;-71
;11864;2;1;38;60;15;1;25;-33;-71
;11865;1;1;33;60;5;;;-33;-71
;11866;3;2;72;120;12;1;9;-33;-71
;11867;2;2;55;120;6;1;8;-33;-71
;11868;;;;50;;;;-33;-71
;11869;;;;50;;;;-33;-71
;11870;2;2;57;70;7;1;;-33;-71
;11871;2;1;43;72;;;;-33;-71
;11872;;;;40;;;;-33;-71
;11873;;;;;;;;-33;-71
;11874;1;1;33;60;7;;;-34;-71
;11875;3;;73;100;;;;-33;-71
;11876;;;;120;;;;-33;-71
;11877;;;;50;;;;-33;-71
;11878;;;;85;;;;-33;-71
;11879;;;;50;;;;-33;-71
;11880;;;;50;;;;-33;-71
;11881;2;1;45;70;10;1;;-33;-71
;11882;2;1;45;70;10;1;;-33;-71
;11883;1;1;30;60;10;;13;-33;-71
;11884;;;39;100;;;;-33;-71
;11885;1;1;34;45;10;;13;-33;-71
;11886;3;2;69;120;2;1;11;-33;-71
;11887;;;;62;;;;-33;-71
;11888;1;1;31;90;;;;-33;-71
;11889;;;;60;;;;-34;-71
;11890;1;1;32;68;4;1;;-33;-71
;11891;2;1;37;50;6;;4;-33;-71
;11892;;;;;;;;-33;-71
;11893;;;;;;;;-33;-71
;11894;2;2;43;60;6;;;-33;-71
;11895;2;1;40;40;0;;;-33;-71
;11896;1;;;45;;;;-33;-71
;11897;2;;;40;;;;-33;-71
;11898;;;;;;;;-33;-71
;11899;2;;37;;;;;-33;-71
;11900;2;1;39;50;8;;;-33;-71
;11901;;;;;;;;-33;-71
;11902;2;1;45;;0;1;14;-33;-71
;11903;1;1;33;;1;;;-34;-71
;11904;2;2;59;80;12;;10;-33;-71
;11905;;;;55;;;;-33;-71
;11906;;;;;;;;-33;-71
;11907;2;2;63;75;0;1;;-33;-71
;11908;;;;60;;;;-33;-71
;11909;2;1;42;70;8;;12;-33;-71
;11910;2;1;41;40;;;11;-34;-71
;11911;;;;55;;;;-33;-71
;11912;3;2;;90;12;1;;-33;-71
;11913;2;2;50;85;11;;;-33;-71
;11914;;;;85;;;;-33;-71
;11915;1;1;31;60;3;1;11;-34;-71
;11916;;;;35;;;;-33;-71
;11917;;;;110;;;;-34;-71
;11918;2;2;50;75;0;;;-33;-71
;11919;1;1;31;60;8;;;-33;-71
;11920;;;;50;;;;-33;-71
;11921;1;;38;32;;;;-33;-71
;11922;1;1;30;45;7;1;18;-33;-71
;11923;;1;;;0;;4;-33;-71
;11924;;;;50;;;;-33;-71
;11925;;;;45;;;;-33;-71
;11926;2;1;43;65;0;1;;-33;-71
;11927;;;;;;;;-33;-71
;11928;1;1;;60;0;1;;-33;-71
;11929;2;1;;70;0;;13;-33;-71
;11930;;;;50;;;;-33;-71
;11931;1;;;65;;;;-33;-71
;11932;1;1;34;80;;;1;-33;-71
;11933;1;1;26;65;;;19;-33;-71
;11934;1;1;21;60;;;2;-33;-71
;11935;1;1;32;70;;;;-33;-71
;11936;;;;100;;;;-33;-71
;11937;;;;;;;;-33;-71
;11938;1;;30;70;;;;-33;-71
;11939;;;;50;;;;-33;-71
;11940;2;2;48;120;6;1;;-33;-71
;11941;;;;130;;;;-33;-71
;11942;2;2;48;80;6;1;12;-33;-71
;11943;2;1;45;60;0;;2;-33;-71
;11944;2;1;;70;;1;;-33;-71
;11945;1;1;30;40;8;;;-33;-71
;11946;;;;83;;;;-33;-71
;11947;;;;65;;;;-33;-71
;11948;2;1;40;120;0;;;-33;-71
;11949;;;;45;;;;-33;-71
;11950;1;1;30;45;0;;;-33;-71
;11951;;;;;;;;-33;-71
;11952;;;;90;;;;-33;-71
;11953;;;;90;;;;-33;-71
;11954;;;;114;;;;-33;-71
;11955;;;;90;;;;-33;-71
;11956;;;;65;;;;-33;-71
;11957;;;;60;;;;-33;-71
;11958;1;1;27;50;6;;;-33;-71
;11959;;;;25;;;;-33;-71
;11960;3;2;81;180;0;1;;-33;-71
;11961;3;2;105;70;10;1;5;-34;-71
;11962;;;;50;;;;-34;-71
;11963;3;2;76;90;6;1;17;-33;-71
;11964;;;;90;;;;-34;-71
;11965;2;;;74;;;;-33;-71
;11966;2;2;65;120;;;;-33;-71
;11967;2;2;62;100;5;;16;-33;-71
;11968;1;1;30;40;9;;6;-33;-71
;11969;2;2;65;130;;;;-33;-71
;11970;;;;90;;;;-33;-71
;11971;;;;70;;;;-33;-71
;11972;1;1;28;45;;;;-33;-71
;11973;2;1;45;100;8;;5;-33;-71
;11974;2;1;45;115;8;;;-33;-71
;11975;3;2;;;8;1;4;-34;-71
;11976;;;;90;;;;-34;-71
;11977;1;1;31;48;0;;;-34;-71
;11978;;;;100;;;;-34;-71
;11979;2;2;56;110;7;1;3;-34;-71
;11980;;;;70;;;;-34;-71
;11981;;;75;90;;;;-33;-71
;11982;;;;110;;;;-34;-71
;11983;2;1;55;65;9;1;1;-33;-71
;11984;2;1;;70;20;1;8;-34;-71
;11985;2;1;45;65;10;1;8;-33;-71
;11986;;;;55;;;;-33;-71
;11987;;;;55;;;;-33;-71
;11988;;;;100;;;;-33;-71
;11989;1;1;;;0;;;-34;-71
;11990;2;;40;60;;;;-33;-71
;11991;;;;120;;;;-33;-71
;11992;;;;155;;;;-33;-71
;11993;1;1;30;75;0;;3;-33;-71
;11994;;;;50;;;;-33;-71
;11995;1;1;34;80;;;;-33;-71
;11996;;;48;70;;;;-33;-71
;11997;1;1;40;50;0;;24;-33;-71
;11998;;;49;80;;;;-34;-71
;11999;1;1;30;50;;;;-33;-71
;12000;2;1;40;60;10;;6;-33;-71
;12001;;;;;;;;-33;-71
;12002;;;;50;;;;-33;-71
;12003;1;;28;40;;;;-33;-71
;12004;;;;50;;;;-33;-71
;12005;2;;45;50;;;;-33;-71
;12006;1;;27;35;;;;-33;-71
;12007;;;;48;;;;-33;-71
;12008;;;;76;;;;-33;-71
;12009;;;;55;;;;-33;-71
;12010;1;1;28;45;5;;;-33;-71
;12011;1;1;30;60;5;;2;-33;-71
;12012;;;;120;;;;-33;-71
;12013;1;1;30;40;0;;24;-33;-71
;12014;;;;70;;;;-33;-71
;12015;1;1;;55;;;13;-33;-71
;12016;;;;;;;;-33;-71
;12017;;;;;;;;-33;-71
;12018;;;;;;;;-33;-71
;12019;;;;100;;;;-33;-71
;12020;1;1;35;50;11;1;7;-33;-71
;12021;;;;40;;;;-33;-71
;12022;;;;40;;;;-33;-71
;12023;;;;50;;;;-33;-71
;12024;;;;60;;;;-33;-71
;12025;2;1;37;50;;;;-33;-71
;12026;;;;70;;;;-33;-71
;12027;;;;50;;;;-33;-71
;12028;2;1;38;40;;;;-33;-71
;12029;;;;;;;;-33;-71
;12030;;;;75;;;;-33;-71
;12031;;;;100;;;;-33;-71
;12032;1;1;30;60;10;;9;-33;-71
;12033;;;;50;;;;-33;-71
;12034;;;;30;;;;-33;-71
;12035;2;2;49;100;0;1;3;-33;-71
;12036;3;2;71;80;;;;-33;-71
;12037;1;1;35;45;0;;;-33;-71
;12038;;;;50;;;;-33;-71
;12039;;;;;;;;-33;-71
;12040;;;;70;;;;-33;-71
;12041;1;1;28;25;0;;5;-33;-71
;12042;2;2;49;75;6;1;5;-33;-71
;12043;;;;110;;;;-33;-71
;12044;1;1;35;60;7;1;23;-33;-71
;12045;1;1;;50;2;;;-33;-71
;12046;;;;50;;;;-33;-71
;12047;;;;;;;;-33;-71
;12048;3;2;65;100;2;1;12;-34;-71
;12049;;;;170;;;;-33;-71
;12050;;;;210;;;;-33;-71
;12051;;;;200;;;;-33;-71
;12052;;;;;;;;-33;-71
;12053;;;;170;;;;-33;-71
;12054;3;2;79;120;2;1;1;-33;-71
;12055;;;;150;;;;-33;-71
;12056;;;;160;;;;-33;-71
;12057;;;;90;;;;-33;-71
;12058;;;;220;;;;-33;-71
;12059;;;;;;;;-33;-71
;12060;1;1;31;55;6;1;9;-33;-71
;12061;;;;70;;;;-33;-71
;12062;3;2;77;155;7;2;1;-33;-71
;12063;;;;120;;;;-33;-71
;12064;;;;150;;;;-33;-71
;12065;3;2;91;170;11;1;9;-33;-71
;12066;;;;85;;;;-33;-71
;12067;;;;85;;;;-33;-71
;12068;;;;;;;;-33;-71
;12069;;;;;;;;-33;-71
;12070;3;2;108;180;;1;;-33;-71
;12071;4;2;90;170;;2;;-33;-71
;12072;;;;130;;;;-33;-71
;12073;;;;160;;;;-33;-71
;12074;;;;100;;;;-33;-71
;12075;;;;190;;;;-33;-71
;12076;3;3;107;170;;;;-33;-71
;12077;4;3;111;110;7;1;;-33;-71
;12078;;;;115;;;;-33;-71
;12079;2;2;88;4;19;1;2;-33;-71
;12080;4;3;111;145;8;1;2;-33;-71
;12081;;;;170;;;;-33;-71
;12082;3;2;;120;5;2;2;-33;-71
;12083;;;;120;;;;-33;-71
;12084;;;131;175;;;;-33;-71
;12085;;;;;;;;-33;-71
;12086;;;;;;;;-33;-71
;12087;3;2;130;;8;2;7;-33;-71
;12088;1;1;;;2;;4;-33;-71
;12089;3;2;108;120;12;1;;-33;-71
;12090;;;;100;;;;-33;-71
;12091;3;;103;135;;;;-33;-71
;12092;3;2;94;;17;2;;-33;-71
;12093;3;2;103;110;10;1;2;-33;-71
;12094;;;;135;;;;-33;-71
;12095;;;;60;;;;-33;-71
;12096;1;1;48;65;0;;;-33;-71
;12097;2;1;40;;2;1;;-33;-71
;12098;;;;55;;;;-33;-71
;12099;3;;47;;;;;-34;-71
;12100;2;2;;80;11;1;2;-33;-71
;12101;;;;;;;;-33;-71
;12102;3;2;91;130;10;2;3;-33;-71
;12103;3;2;;180;0;1;;-33;-71
;12104;;;;150;;;;-33;-71
;12105;2;1;59;;0;;;-33;-71
;12106;;;;120;;;;-33;-71
;12107;;;;150;;;;-33;-71
;12108;3;2;56;95;22;;6;-33;-71
;12109;3;2;57;150;0;1;;-33;-71
;12110;2;1;42;60;5;;;-34;-71
;12111;4;3;104;260;18;1;;-33;-71
;12112;;;;70;;;;-34;-71
;12113;2;1;45;77;18;1;11;-33;-71
;12114;2;;116;160;;;;-33;-71
;12115;;;;;;;;-33;-71
;12116;;;;45;;;;-33;-71
;12117;1;1;375;45;6;;;-33;-71
;12118;1;1;375;45;6;;;-33;-71
;12119;;;;45;;;;-33;-71
;12120;;;375;45;;;;-33;-71
;12121;3;2;60;50;17;;;-33;-71
;12122;4;2;107;130;;2;;-33;-71
;12123;;;;185;;;;-33;-71
;12124;2;1;200;50;0;1;;-33;-71
;12125;2;2;72;90;0;1;;-33;-71
;12126;;;;;;;;-33;-71
;12127;;;;90;;;;-33;-71
;12128;;;;;;;;-33;-71
;12129;3;2;98;100;11;1;1;-33;-71
;12130;2;2;85;80;;;;-33;-71
;12131;;;;;;;;-33;-71
;12132;3;1;70;40;;;;-34;-71
;12133;;;;;;;;-33;-71
;12134;;;;120;;;;-33;-71
;12135;3;2;;120;6;1;1;-33;-71
;12136;3;1;56;45;;;5;-34;-71
;12137;2;1;46;;6;;;-33;-71
;12138;;;;60;;;;-33;-71
;12139;3;1;44;40;0;;;-33;-71
;12140;2;2;48;80;0;1;;-33;-71
;12141;3;1;65;10;;;;-33;-71
;12142;1;1;;;0;;;-33;-71
;12143;;;;45;;;;-33;-71
;12144;;;;;;;;-33;-71
;12145;;;;70;;;;-33;-71
;12146;;;;;;;;-33;-71
;12147;;;;;;;;-33;-71
;12148;1;1;;56;0;;;-33;-71
;12149;;;;;;;;-33;-71
;12150;1;1;29;40;12;;6;-33;-71
;12151;1;1;25;;15;1;9;-33;-71
;12152;1;1;29;30;7;;10;-33;-71
;12153;;1;20;48;;;;-33;-71
;12154;;;;48;;;;-33;-71
;12155;2;1;40;50;5;;14;-33;-71
;12156;3;2;62;;;;;-33;-71
;12157;;;;70;;;;-33;-71
;12158;;;;45;;;;-33;-71
;12159;1;1;28;45;5;;17;-33;-71
;12160;2;1;40;50;9;;20;-33;-71
;12161;;;;77;;;;-33;-71
;12162;;;;50;;;;-33;-71
;12163;1;1;32;70;6;;10;-33;-71
;12164;;;;50;;;;-33;-71
;12165;3;1;58;50;;;;-33;-71
;12166;;;;80;;;;-33;-71
;12167;;;;30;;;;-33;-71
;12168;;1;18;25;0;;10;-33;-71
;12169;2;2;47;38;0;;;-33;-71
;12170;;;;45;;;;-33;-71
;12171;2;1;42;50;8;1;;-33;-71
;12172;1;1;27;40;;;;-33;-71
;12173;1;1;30;35;24;;;-33;-71
;12174;;;;35;;;;-33;-71
;12175;2;2;42;90;4;1;17;-33;-71
;12176;2;1;65;105;22;1;1;-34;-71
;12177;3;2;89;120;6;2;5;-34;-71
;12178;;;;95;;;;-34;-71
;12179;;;;;;;;-33;-71
;12180;;;;200;;;;-34;-71
;12181;;;;50;;;;-33;-71
;12182;;;;20;;;;-33;-71
;12183;2;1;42;40;14;1;;-34;-71
;12184;2;1;49;70;8;1;4;-34;-71
;12185;;;;45;;;;-34;-71
;12186;;;;120;;;;-34;-71
;12187;;;;85;;;;-33;-71
;12188;;;;60;;;;-33;-71
;12189;;;;75;;;;-33;-71
;12190;2;2;56;65;2;;5;-33;-71
;12191;;;;100;;;;-34;-71
;12192;3;;48;55;;;;-33;-71
;12193;2;1;56;80;1;;3;-34;-71
;12194;;;;55;;;;-33;-71
;12195;3;2;;120;3;1;4;-34;-71
;12196;;;;80;;;;-33;-71
;12197;3;2;76;;;;;-33;-71
;12198;;;;10;;;;-33;-71
;12199;;;;;;;;-34;-71
;12200;;;;;;;;-34;-71
;12201;2;2;90;;;;;-34;-71
;12202;2;1;44;100;15;;;-33;-71
;12203;;;;100;;;;-33;-71
;12204;;;;30;;;;-33;-71
;12205;;;;50;;;;-34;-71
;12206;;;;95;;;;-33;-71
;12207;;;;30;;;;-33;-71
;12208;;;;120;;;;-34;-71
;12209;2;2;56;97;7;1;15;-33;-71
;12210;;;235;200;;;;-34;-71
;12211;3;2;65;75;;;;-33;-71
;12212;;;;;;;;-34;-71
;12213;2;1;57;80;;;;-33;-71
;12214;3;2;67;;3;1;9;-33;-71
;12215;;;;68;;;;-33;-71
;12216;;;;68;;;;-33;-71
;12217;;;;55;;;;-33;-71
;12218;2;;45;50;;;;-33;-71
;12219;;;49;1;;;;-33;-71
;12220;;;;90;;;;-33;-71
;12221;2;1;;90;5;;;-33;-71
;12222;3;1;45;50;;;;-33;-71
;12223;2;1;32;60;15;1;4;-34;-71
;12224;;;;45;;;;-33;-71
;12225;;;;60;;;;-33;-71
;12226;;;;;;;;-33;-71
;12227;3;2;67;;14;1;5;-34;-71
;12228;3;2;88;110;18;2;16;-33;-71
;12229;2;;55;;;;;-33;-71
;12230;;;;70;;;;-33;-71
;12231;;;;;;;;-33;-71
;12232;;;;;;;;-34;-71
;12233;;;;;;;;-33;-71
;12234;1;;32;60;12;1;12;-33;-71
;12235;2;1;44;;0;1;4;-33;-71
;12236;;;;100;;;;-34;-71
;12237;2;1;48;120;0;1;;-34;-71
;12238;3;2;78;130;27;1;9;-33;-71
;12239;3;;;;;;;-33;-71
;12240;2;2;;;0;1;;-33;-71
;12241;3;2;;;0;;;-33;-71
;12242;;;;;;;;-33;-71
;12243;;;;;;;;-33;-71
;12244;2;2;;;0;;;-33;-71
;12245;;;;;;;;-33;-71
;12246;2;2;;;0;;;-33;-71
;12247;;;;;;;;-33;-71
;12248;2;;60;170;;;;-34;-71
;12249;;;;110;;;;-34;-71
;12250;2;2;62;90;0;1;;-33;-71
;12251;;;;45;;;;-34;-71
;12252;;;;;;;;-34;-71
;12253;;;;50;;;;-34;-71
;12254;3;2;58;60;15;;4;-34;-71
;12255;3;2;68;;;;;-34;-71
;12256;2;1;44;90;;;;-34;-71
;12257;3;2;68;;0;1;;-33;-71
;12258;;;;55;;;;-34;-71
;12259;;;;92;;;;-34;-71
;12260;2;2;78;65;3;1;4;-34;-71
;12261;2;2;57;120;24;1;;-34;-71
;12262;;;;;;;;-34;-71
;12263;;;;;;;;-34;-71
;12264;3;1;60;;25;2;;-34;-71
;12265;3;1;45;;4;1;1;-31;-71
;12266;2;;55;1;;;;-30;-71
;12267;3;2;54;35;5;;1;-31;-71
;12268;3;3;120;;7;2;3;-31;-71
;12269;3;2;75;63;8;1;4;-30;-71
;12270;;;;105;;;;-33;-71
;12271;1;1;;60;2;1;;-33;-71
;12272;;;;;;;;-33;-71
;12273;;;;50;;;;-33;-71
;12274;3;3;178;150;10;2;4;-30;-71
;12275;;;;330;;;;-33;-71
;12276;3;1;;80;;;;-30;-71
;12277;3;2;64;65;10;1;10;-30;-71
;12278;3;1;61;60;3;1;;-30;-71
;12279;;;;;;;;-33;-71
;12280;2;1;38;75;3;1;4;-30;-71
;12281;3;2;9;90;12;1;1;-30;-71
;12282;3;2;68;;;1;;-30;-71
;12283;;;56;1;;;;-30;-71
;12284;2;2;70;120;0;1;8;-30;-71
;12285;3;2;;75;;1;;-30;-71
;12286;2;2;53;70;7;1;6;-30;-71
;12287;2;2;76;220;6;1;1;-30;-71
;12288;2;2;70;95;15;2;9;-30;-71
;12289;3;2;90;200;10;1;;-30;-71
;12290;2;2;56;;;;;-30;-71
;12291;4;3;140;180;18;2;1;-30;-71
;12292;;;95;80;;;;-30;-71
;12293;2;;56;115;;;;-30;-71
;12294;2;2;54;85;8;1;6;-30;-71
;12295;3;2;80;120;12;1;6;-30;-71
;12296;2;2;68;120;9;1;4;-30;-71
;12297;;;53;51;;;;-30;-71
;12298;3;2;90;120;0;1;11;-30;-71
;12299;2;1;55;70;0;1;3;-30;-71
;12300;3;1;55;55;8;1;;-30;-71
;12301;1;1;89;50;7;;6;-30;-71
;12302;2;2;60;150;;1;;-33;-71
;12303;2;2;76;150;9;1;11;-30;-71
;12304;;;;80;;;;-33;-71
;12305;;;;120;;;;-33;-71
;12306;2;1;;;;1;;-33;-71
;12307;3;3;65;;;1;;-33;-71
;12308;2;2;60;40;0;1;4;-33;-71
;12309;2;2;60;40;;;;-33;-71
;12310;2;2;62;50;8;1;5;-33;-71
;12311;;;;100;;;;-33;-71
;12312;2;;65;70;;;;-30;-71
;12313;2;1;60;60;0;1;4;-33;-71
;12314;;;;60;;;;-33;-71
;12315;;;;60;;;;-33;-71
;12316;3;2;65;78;0;1;;-33;-72
;12317;3;2;61;;9;1;41;-33;-72
;12318;3;2;;;8;;17;-33;-72
;12319;2;;66;;;;;-33;-72
;12320;2;;65;98;;;;-33;-72
;12321;2;1;60;55;0;1;;-33;-72
;12322;;;;90;;;;-33;-72
;12323;2;2;51;90;5;1;;-33;-72
;12324;;;;80;;;;-33;-72
;12325;4;;111;150;;;;-33;-72
;12326;4;;139;207;;;;-33;-72
;12327;3;;90;115;;;;-33;-72
;12328;4;;139;220;;;;-33;-72
;12329;4;3;120;170;0;1;;-33;-72
;12330;2;2;70;90;8;1;;-33;-72
;12331;2;2;70;90;0;1;;-33;-72
;12332;2;2;63;84;9;1;3;-33;-72
;12333;3;2;71;120;11;1;;-33;-72
;12334;;2;;125;6;2;;-33;-72
;12335;;;;115;;;;-33;-72
;12336;3;3;110;160;0;1;3;-33;-72
;12337;;;;10;;;;-33;-72
;12338;3;2;91;;;1;;-33;-72
;12339;3;;110;260;;;;-33;-72
;12340;5;3;104;190;23;1;1;-33;-72
;12341;;;;250;;;;-33;-72
;12342;3;3;128;180;6;1;3;-33;-72
;12343;;;;90;;;;-33;-72
;12344;2;;60;;;;;-33;-72
;12345;;;69;150;;;;-33;-72
;12346;3;2;81;130;;;;-33;-72
;12347;5;4;128;250;20;2;10;-33;-72
;12348;3;;70;160;;;;-33;-72
;12349;4;;109;300;;;;-33;-72
;12350;2;2;60;90;7;1;2;-33;-72
;12351;;;;100;;;;-33;-72
;12352;;;;50;;;;-33;-72
;12353;;;;180;;;;-33;-72
;12354;3;3;140;;0;2;2;-33;-72
;12355;3;2;100;;9;2;;-33;-72
;12356;;;;;;;;-33;-72
;12357;4;3;110;125;28;1;2;-33;-72
;12358;3;2;95;190;38;1;5;-33;-72
;12359;;;;280;;;;-33;-72
;12360;2;2;100;110;8;1;3;-33;-72
;12361;2;;66;150;;;;-33;-72
;12362;3;;85;150;;;;-33;-72
;12363;4;3;109;200;30;1;6;-33;-72
;12364;3;2;124;8;4;1;;-33;-72
;12365;4;3;138;180;32;4;;-33;-72
;12366;;;;;;;;-33;-72
;12367;3;2;87;180;7;1;2;-33;-72
;12368;;;85;200;;;;-33;-72
;12369;;;;190;;;;-33;-72
;12370;2;2;67;150;21;1;;-33;-72
;12371;2;2;60;120;0;1;16;-33;-72
;12372;2;2;62;110;25;1;7;-33;-72
;12373;3;;64;120;;;;-33;-72
;12374;;;;245;;;;-33;-72
;12375;3;2;90;80;12;1;20;-33;-72
;12376;4;3;130;200;13;3;14;-33;-72
;12377;4;3;140;320;23;1;10;-33;-72
;12378;;;;180;;;;-33;-72
;12379;;;;470;;;;-33;-72
;12380;3;;;260;;;;-33;-72
;12381;3;2;79;143;;;;-33;-72
;12382;1;1;55;125;;1;;-33;-72
;12383;;;;200;;;;-33;-72
;12384;;;;180;;;;-33;-72
;12385;;;;190;;;;-33;-72
;12386;2;2;60;90;0;1;13;-33;-72
;12387;1;1;42;125;13;1;;-33;-72
;12388;2;1;50;180;0;1;3;-33;-72
;12389;3;3;95;200;40;1;2;-33;-72
;12390;2;2;;80;12;1;19;-33;-72
;12391;1;1;42;65;0;1;4;-33;-72
;12392;4;4;197;;28;3;;-33;-72
;12393;1;1;42;83;8;1;15;-33;-72
;12394;2;2;55;;;2;;-33;-72
;12395;;;;100;;;;-33;-72
;12396;;;;;;;;-33;-72
;12397;1;1;41;150;;;;-33;-72
;12398;;;;120;;;;-33;-72
;12399;3;2;108;275;;1;;-33;-72
;12400;2;2;47;70;11;1;;-33;-72
;12401;;;;400;;;;-33;-72
;12402;;;;110;;;;-33;-72
;12403;;;;126;;;;-33;-72
;12404;4;3;140;300;0;1;2;-33;-72
;12405;2;;;140;;;;-33;-72
;12406;3;2;110;120;15;1;;-33;-72
;12407;;;;200;;;;-33;-72
;12408;2;;80;;;;;-33;-72
;12409;;;;150;;;;-33;-72
;12410;;;;;;;;-33;-72
;12411;3;2;89;230;13;1;4;-33;-72
;12412;3;3;120;278;25;2;3;-33;-72
;12413;2;2;61;120;4;1;19;-33;-72
;12414;;;;160;;;;-33;-72
;12415;4;;110;230;;;;-33;-72
;12416;4;4;164;300;0;2;9;-33;-72
;12417;;;;118;;;;-33;-72
;12418;1;1;56;70;0;1;3;-33;-72
;12419;;;;80;;;;-33;-72
;12420;4;4;134;330;33;2;;-33;-72
;12421;;;;250;;;;-33;-72
;12422;4;4;130;200;0;1;;-33;-72
;12423;2;2;90;170;24;1;3;-33;-72
;12424;3;2;80;120;1;;;-33;-72
;12425;2;2;65;60;;1;2;-33;-72
;12426;;;;135;;;;-33;-72
;12427;3;2;110;120;62;;7;-33;-72
;12428;3;2;87;78;;1;;-33;-72
;12429;1;1;40;;;;;-33;-72
;12430;2;2;72;130;11;1;8;-33;-72
;12431;3;2;82;60;64;1;2;-33;-72
;12432;3;2;92;170;12;1;5;-33;-72
;12433;4;3;196;400;31;2;4;-33;-72
;12434;4;3;126;150;43;1;7;-33;-72
;12435;4;3;140;150;54;1;6;-33;-72
;12436;2;2;61;;9;1;5;-33;-72
;12437;3;2;92;120;61;;6;-33;-72
;12438;3;4;160;400;25;2;8;-33;-72
;12439;3;2;62;;;;;-33;-72
;12440;3;;73;130;;;;-33;-72
;12441;3;2;58;95;6;1;13;-33;-72
;12442;3;2;80;180;35;;3;-33;-72
;12443;4;;146;370;;;;-33;-72
;12444;1;1;30;;;;;-33;-72
;12445;3;3;105;270;7;3;;-33;-72
;12446;3;2;80;60;59;1;3;-33;-72
;12447;2;2;45;90;0;1;;-33;-72
;12448;3;2;71;130;16;1;12;-33;-72
;12449;;;;130;;;;-33;-72
;12450;;;;120;;;;-33;-72
;12451;3;2;77;130;15;1;4;-33;-72
;12452;3;2;95;120;0;1;;-33;-72
;12453;3;2;85;150;17;1;5;-33;-72
;12454;;;;;;;;-33;-72
;12455;2;;80;100;;;;-33;-72
;12456;;;62;90;;;;-33;-72
;12457;2;1;70;40;6;1;5;-33;-72
;12458;2;;26;60;;;;-33;-72
;12459;;;;150;;;;-33;-72
;12460;3;2;70;150;3;1;;-33;-72
;12461;;;;;;;;-33;-72
;12462;6;4;170;60;15;1;1;-33;-72
;12463;;;;150;;;;-33;-72
;12464;1;1;44;;0;1;;-33;-72
;12465;2;2;50;65;15;;4;-33;-72
;12466;;;;80;;;;-33;-72
;12467;2;2;56;;;1;;-33;-72
;12468;3;2;60;;;;;-33;-72
;12469;1;1;45;70;5;1;15;-33;-72
;12470;2;2;;;0;1;;-33;-72
;12471;2;1;50;63;0;1;;-33;-72
;12472;;;;;;;;-33;-72
;12473;3;2;66;110;6;1;21;-33;-72
;12474;;;;102;;;;-33;-72
;12475;2;1;46;95;;1;;-33;-72
;12476;2;1;65;30;69;1;2;-33;-72
;12477;2;1;65;30;69;1;2;-33;-72
;12478;3;2;65;40;9;;23;-33;-72
;12479;2;2;52;60;7;1;5;-33;-72
;12480;2;2;75;170;30;1;4;-33;-72
;12481;3;;65;55;;;;-33;-72
;12482;3;1;58;37;5;;;-33;-72
;12483;2;1;45;50;3;;;-33;-72
;12484;;;;67;;;;-33;-72
;12485;3;1;57;;;1;;-33;-72
;12486;5;3;120;130;31;1;8;-33;-72
;12487;;;;50;;;;-33;-72
;12488;3;2;110;;5;1;11;-33;-72
;12489;3;;71;120;;;;-33;-72
;12490;;;;145;;;;-33;-72
;12491;2;1;;35;13;;16;-33;-72
;12492;2;;50;;;;;-33;-72
;12493;2;2;47;55;10;;22;-33;-72
;12494;1;1;39;;;;;-33;-72
;12495;1;1;39;65;3;;6;-33;-72
;12496;1;1;32;85;3;1;1;-33;-72
;12497;2;1;55;;0;;;-33;-72
;12498;2;1;55;80;0;;;-33;-72
;12499;3;;74;;;;;-33;-72
;12500;3;2;74;;0;1;;-33;-72
;12501;3;2;74;;0;1;;-33;-72
;12502;2;1;55;;0;;;-33;-72
;12503;3;2;74;;0;1;;-33;-72
;12504;2;1;55;;0;;;-33;-72
;12505;2;2;52;;0;;;-33;-72
;12506;2;1;47;2;2;;;-33;-72
;12507;1;1;29;;0;;;-33;-72
;12508;2;;;85;;;;-33;-72
;12509;3;;65;70;;;;-33;-72
;12510;3;2;72;;;1;;-33;-72
;12511;2;2;66;75;7;1;24;-33;-72
;12512;2;;48;80;;;;-33;-72
;12513;2;2;56;;;;;-33;-72
;12514;3;2;75;80;2;1;;-33;-72
;12515;1;1;24;;2;;1;-33;-72
;12516;;;;;;;;-33;-72
;12517;2;2;60;100;;;;-33;-72
;12518;;;;120;;;;-33;-72
;12519;2;2;45;66;10;;18;-33;-72
;12520;2;2;45;66;0;;18;-33;-72
;12521;3;2;;;;;;-33;-72
;12522;3;2;;110;9;1;12;-33;-72
;12523;1;1;28;50;;1;;-33;-72
;12524;1;1;;;1;1;;-33;-72
;12525;3;1;72;;;1;;-33;-72
;12526;3;2;62;90;32;;;-33;-72
;12527;1;1;32;50;5;;11;-33;-72
;12528;;;;1;;;;-33;-72
;12529;2;2;48;105;0;1;;-33;-72
;12530;2;;46;70;;;;-33;-72
;12531;3;2;75;90;10;1;1;-33;-72
;12532;;;;80;;;;-33;-72
;12533;2;2;60;130;10;1;;-33;-72
;12534;3;2;54;;41;;4;-33;-72
;12535;2;2;63;50;7;1;2;-33;-72
;12536;;;;;;;;-33;-72
;12537;2;;60;150;;;;-33;-72
;12538;1;1;36;60;;1;18;-33;-72
;12539;3;2;85;127;3;1;;-33;-72
;12540;1;1;40;40;6;;4;-33;-72
;12541;;;;;;;;-35;-72
;12542;2;2;55;115;;1;26;-33;-72
;12543;3;2;68;;3;1;1;-35;-72
;12544;2;2;65;43;65;;4;-33;-72
;12545;;;;58;;;;-33;-72
;12546;1;1;32;28;0;;8;-33;-72
;12547;1;1;46;50;;;;-33;-72
;12548;5;3;130;120;;1;;-33;-72
;12549;1;;54;55;;;;-33;-72
;12550;1;1;;12;0;;1;-33;-72
;12551;3;2;115;;;1;2;-33;-72
;12552;2;1;62;20;50;;3;-33;-72
;12553;2;2;70;160;9;2;1;-33;-72
;12554;3;2;93;;8;1;3;-33;-72
;12555;3;;85;160;;;;-33;-72
;12556;3;2;70;160;21;1;5;-33;-72
;12557;;;;130;;;;-33;-72
;12558;;;;100;;;;-33;-72
;12559;;;;98;;;;-33;-72
;12560;;;;130;;;;-33;-72
;12561;1;1;65;80;23;;5;-33;-72
;12562;;;;40;;;;-35;-72
;12563;8;4;315;;;;;-33;-72
;12564;3;2;68;;;1;7;-33;-72
;12565;2;2;57;;;;;-33;-72
;12566;2;1;37;;37;;;-33;-72
;12567;3;1;50;;;;;-33;-72
;12568;2;2;65;110;;;;-35;-72
;12569;3;2;70;90;20;1;12;-35;-72
;12570;;;;70;;;;-35;-72
;12571;;;;70;;;;-37;-73
;12572;;;;40;;;;-37;-73
;12573;2;2;58;;57;;4;-37;-73
;12574;;;;;;;;-37;-73
;12575;;;;110;;;;-37;-73
;12576;2;2;;;;;;-12;-77
;12577;2;2;62;100;0;1;;9;-80
;12578;2;2;;120;7;3;10;21;-103